Latitude,Longitude,Water_Body,Location_Name,watercress_inCatchments_2_AreaSqKM,watercress_inCatchments_2_LengthKM,watercress_inCatchments_2_Shape_Length_1,StreamCat_data_csv_bfiws,StreamCat_data_csv_elevws,StreamCat_data_csv_caows,StreamCat_data_csv_runoffws,StreamCat_data_csv_precip9120ws,StreamCat_data_csv_tmean9120ws,StreamCat_data_csv_catareasqkm,StreamCat_data_csv_wsareasqkm,StreamCat_data_csv_catareasqkmrp100,StreamCat_data_csv_wsareasqkmrp100
36.534894000000001,-121.90974,Carmel River,By Safeway Redo,1.350000000000000,0.995,0.010524563,37.890999999999998,599.062400000000025,6.805400000000000,160.155100000000004,772.445146987382827,14.283245630829219,1.350000000000000,653.389199999999960,0.2178,150.505200000000002
36.524117199999999,-121.830752,Carmel River,Schulte's Bridge (redo),20.237400000000001,4.862000000000000,0.050510417,38.023800000000001,621.040600000000040,6.445700000000000,159.028799999999990,782.305558700000006,14.323776350109570,20.237400000000001,621.404099999999971,4.122000000000000,143.957699999999988
36.474403299999999,-121.7287859,Carmel River,Rosie's Bridge,2.498400000000000,1.039000000000000,0.011284007,38.518099999999997,693.037599999999998,5.767600000000000,159.036599999999993,809.120754052421717,14.409330937567077,2.498400000000000,502.709400000000016,0.5832,114.908400000000000
36.509329000000001,-121.76689,Carmel River,Garland Ranch,2.541600000000000,0.805,0.008654727,38.334699999999998,665.961599999999976,5.791800000000000,159.264600000000002,808.668136462111079,14.384080786210435,2.541600000000000,559.062000000000012,0.1701,128.465100000000007
36.398623399999998,-121.6618741,Carmel River,Cachagua Park,0.1917,0.49,0.004671244,39.325000000000003,903.419599999999946,3.796300000000000,164.528799999999990,1135.548192298481808,14.300854454951404,0.1917,118.502099999999999,0.0963,26.733599999999999
36.459429000000000,-121.796986,Garzas Creek,Lower Garzas (SLP),0.3843,1.062000000000000,0.011195838,36.464799999999997,603.451500000000010,5.423300000000000,170.452400000000011,1184.156957697619646,14.239712187337842,0.3843,19.987200000000001,0.2025,3.780000000000000
36.425441999999997,-121.746597,San Clemente Creek,SLP Water Monitoring Site,8.224200000000000,5.475000000000000,0.057166577,37.831099999999999,592.664800000000014,4.165600000000000,156.192399999999992,1085.088339949749297,14.462731223414533,8.224200000000000,13.994999999999999,1.185300000000000,2.205900000000000
36.444971000000002,-121.6732772,Tularcitos Creek,Tularcitos,4.909500000000000,2.448000000000000,0.026255901,38.015300000000003,622.339799999999968,7.102400000000000,156.379300000000001,573.241813529978685,14.464825319554977,4.909500000000000,97.415999999999997,0.5256,22.042800000000000
36.503514000000003,-121.847878,Potrero Creek,Creek Walk Start,0.8046,0.801,0.008205522,36.134399999999999,352.649400000000014,11.701800000000000,213.323499999999996,709.983016350570210,13.641290085408530,0.8046,5.760900000000000,0.1683,0.9684
