Location (coordinates),Water body,Location Name,Date,Season,Observers,Start time,End time,"Transect location (RB, LB)",Canopy Cover (0 to 1 ratio),Temperature (°C),pH,Conductivity (mS/cm),Salinity,TDS g/L,DO %,DO mg/L,Riffle,Pool,Glide,Run,Cover (area) [m^2],# individuals,Aquatic plant species,"Emergent, submergent or floating?",Depth (m),Velocity (m/s),Substrate size (mm)
"36.4744033, -121.7287859",Carmel River,Rosie's Bridge,3/29/2025,spring,"Audrey, Dante Bryant, Elizabeth Anguiano, Yaveth Hernandez",10:35 AM,12:30 PM,RB,0.7058823529,11.11,8.42,0.156,0.1,0.138,95,10.44,25,0,0,75,,6,Nasturtium officinale,submergent,0.25,0.1,<2
"36.4744033, -121.7287859",Carmel River,Rosie's Bridge,3/29/2025,spring,"Audrey, Dante Bryant, Elizabeth Anguiano, Yaveth Hernandez",10:35 AM,12:30 PM,RB,0.7058823529,11.11,8.42,0.156,0.1,0.138,95,10.44,25,0,0,75,2.2,10,annual grass,submergent,0.19,0.1,<2
"36.4744033, -121.7287859",Carmel River,Rosie's Bridge,3/29/2025,spring,"Audrey, Dante Bryant, Elizabeth Anguiano, Yaveth Hernandez",10:35 AM,12:30 PM,RB,0.7058823529,11.11,8.42,0.156,0.1,0.138,95,10.44,25,0,0,75,,4,Veronica anagallis-aquatica,submergent,0.19,0.1,<2
"36.4744033, -121.7287859",Carmel River,Rosie's Bridge,3/29/2025,spring,"Audrey, Dante Bryant, Elizabeth Anguiano, Yaveth Hernandez",10:35 AM,12:30 PM,RB,0.7058823529,11.11,8.42,0.156,0.1,0.138,95,10.44,25,0,0,75,,1,Nasturtium officinale,submergent,0.42,0.6,90
"36.4744033, -121.7287859",Carmel River,Rosie's Bridge,3/29/2025,spring,"Audrey, Dante Bryant, Elizabeth Anguiano, Yaveth Hernandez",10:35 AM,12:30 PM,RB,0.7058823529,11.11,8.42,0.156,0.1,0.138,95,10.44,25,0,0,75,,16,Mentha aquatica,emergent,0.27,0.8,32
"36.4744033, -121.7287859",Carmel River,Rosie's Bridge,3/29/2025,spring,"Audrey, Dante Bryant, Elizabeth Anguiano, Yaveth Hernandez",10:35 AM,12:30 PM,RB,0.7058823529,11.11,8.42,0.156,0.1,0.138,95,10.44,25,0,0,75,16.4,100,Mentha aquatica,emergent,0.32,0.1,22.6
"36.4744033, -121.7287859",Carmel River,Rosie's Bridge,3/29/2025,spring,"Audrey, Dante Bryant, Elizabeth Anguiano, Yaveth Hernandez",10:35 AM,12:30 PM,RB,0.7058823529,11.11,8.42,0.156,0.1,0.138,95,10.44,25,0,0,75,,2,annual grass,submergent,0.27,0.8,32
"36.4744033, -121.7287859",Carmel River,Rosie's Bridge,3/29/2025,spring,"Audrey, Dante Bryant, Elizabeth Anguiano, Yaveth Hernandez",10:35 AM,12:30 PM,RB,0.7058823529,11.11,8.42,0.156,0.1,0.138,95,10.44,25,0,0,75,,1,annual grass,submergent,0.32,0.3,32
"36.4744033, -121.7287859",Carmel River,Rosie's Bridge,3/29/2025,spring,"Audrey, Dante Bryant, Elizabeth Anguiano, Yaveth Hernandez",10:35 AM,12:30 PM,RB,0.7058823529,11.11,8.42,0.156,0.1,0.138,95,10.44,25,0,0,75,,9,Mentha aquatica,emergent,0.15,0.2,64
"36.4744033, -121.7287859",Carmel River,Rosie's Bridge,3/29/2025,spring,"Audrey, Dante Bryant, Elizabeth Anguiano, Yaveth Hernandez",1:15 PM,2:39 PM,LB,0.7205882353,11.09,8.42,0.157,0.1,0.138,95.2,10.46,45,0,0,55,,7,Nasturtium officinale,emergent,0.34,0.6,45
"36.4744033, -121.7287859",Carmel River,Rosie's Bridge,3/29/2025,spring,"Audrey, Dante Bryant, Elizabeth Anguiano, Yaveth Hernandez",1:15 PM,2:39 PM,LB,0.7205882353,11.09,8.42,0.157,0.1,0.138,95.2,10.46,45,0,0,55,,7,annual grass,emergent,0.34,0.6,45
"36.4744033, -121.7287859",Carmel River,Rosie's Bridge,3/29/2025,spring,"Audrey, Dante Bryant, Elizabeth Anguiano, Yaveth Hernandez",1:15 PM,2:39 PM,LB,0.7205882353,11.09,8.42,0.157,0.1,0.138,95.2,10.46,45,0,0,55,,3,Mentha aquatica,emergent,0.26,0.7,45
"36.4744033, -121.7287859",Carmel River,Rosie's Bridge,3/29/2025,spring,"Audrey, Dante Bryant, Elizabeth Anguiano, Yaveth Hernandez",1:15 PM,2:39 PM,LB,0.7205882353,11.09,8.42,0.157,0.1,0.138,95.2,10.46,45,0,0,55,,2,annual grass,submergent,0.26,0.7,45
"36.4744033, -121.7287859",Carmel River,Rosie's Bridge,3/29/2025,spring,"Audrey, Dante Bryant, Elizabeth Anguiano, Yaveth Hernandez",1:15 PM,2:39 PM,LB,0.7205882353,11.09,8.42,0.157,0.1,0.138,95.2,10.46,45,0,0,55,,5,annual grass,emergent,0.3,1.1,45
"36.4744033, -121.7287859",Carmel River,Rosie's Bridge,3/29/2025,spring,"Audrey, Dante Bryant, Elizabeth Anguiano, Yaveth Hernandez",1:15 PM,2:39 PM,LB,0.7205882353,11.09,8.42,0.157,0.1,0.138,95.2,10.46,45,0,0,55,,10,Mentha aquatica,emergent,0.3,1.1,45
"36.4744033, -121.7287859",Carmel River,Rosie's Bridge,3/29/2025,spring,"Audrey, Dante Bryant, Elizabeth Anguiano, Yaveth Hernandez",1:15 PM,2:39 PM,LB,0.7205882353,11.09,8.42,0.157,0.1,0.138,95.2,10.46,45,0,0,55,,9,annual grass,emergent,0.4,0.8,64
"36.4744033, -121.7287859",Carmel River,Rosie's Bridge,3/29/2025,spring,"Audrey, Dante Bryant, Elizabeth Anguiano, Yaveth Hernandez",1:15 PM,2:39 PM,LB,0.7205882353,11.09,8.42,0.157,0.1,0.138,95.2,10.46,45,0,0,55,,20,Equisetum arvense,emergent,0.35,1,64
"36.4744033, -121.7287859",Carmel River,Rosie's Bridge,3/29/2025,spring,"Audrey, Dante Bryant, Elizabeth Anguiano, Yaveth Hernandez",1:15 PM,2:39 PM,LB,0.7205882353,11.09,8.42,0.157,0.1,0.138,95.2,10.46,45,0,0,55,,2,Veronica anagallis-aquatica,emergent,0.4,0.6,32
"36.4744033, -121.7287859",Carmel River,Rosie's Bridge,3/29/2025,spring,"Audrey, Dante Bryant, Elizabeth Anguiano, Yaveth Hernandez",1:15 PM,2:39 PM,LB,0.7205882353,11.09,8.42,0.157,0.1,0.138,95.2,10.46,45,0,0,55,,3,Nasturtium officinale,submergent,0.36,1,45
"36.4744033, -121.7287859",Carmel River,Rosie's Bridge,3/29/2025,spring,"Audrey, Dante Bryant, Elizabeth Anguiano, Yaveth Hernandez",1:15 PM,2:39 PM,LB,0.7205882353,11.09,8.42,0.157,0.1,0.138,95.2,10.46,45,0,0,55,7,25,Mentha aquatica,partly emergent,0.4,1,90
"36.4744033, -121.7287859",Carmel River,Rosie's Bridge,3/29/2025,spring,"Audrey, Dante Bryant, Elizabeth Anguiano, Yaveth Hernandez",1:15 PM,2:39 PM,LB,0.7205882353,11.09,8.42,0.157,0.1,0.138,95.2,10.46,45,0,0,55,5.8,100,annual grass,emergent,0.44,1.1,64
"36.509329, -121.766890",Carmel River,Garland Ranch,4/19/25,spring,"Audrey, Dante Bryant, Sara Gonzalez, Malia Gavino",10:36 AM,12:00 PM,LB,0.9264705882,13.45,8.29,0.195,0.12,0.163,91.7,9.54,0,0,0,100,,3,annual grass,submergent,0.18,0.4,<2
"36.509329, -121.766890",Carmel River,Garland Ranch,4/19/25,spring,"Audrey, Dante Bryant, Sara Gonzalez, Malia Gavino",10:36 AM,12:00 PM,LB,0.9264705882,13.45,8.29,0.195,0.12,0.163,91.7,9.54,0,0,0,100,5.8,30,annual grass,emergent,0.38,0.2,<2
"36.509329, -121.766890",Carmel River,Garland Ranch,4/19/25,spring,"Audrey, Dante Bryant, Sara Gonzalez, Malia Gavino",10:36 AM,12:00 PM,LB,0.9264705882,13.45,8.29,0.195,0.12,0.163,91.7,9.54,0,0,0,100,5.8,4,Mentha aquatica,emergent,0.38,0.2,<2
"36.509329, -121.766890",Carmel River,Garland Ranch,4/19/25,spring,"Audrey, Dante Bryant, Sara Gonzalez, Malia Gavino",10:36 AM,12:00 PM,LB,0.9264705882,13.45,8.29,0.195,0.12,0.163,91.7,9.54,0,0,0,100,5.8,6,Nasturtium officinale,submergent,0.38,0.2,<2
"36.509329, -121.766890",Carmel River,Garland Ranch,4/19/25,spring,"Audrey, Dante Bryant, Sara Gonzalez, Malia Gavino",10:36 AM,12:00 PM,LB,0.9264705882,13.45,8.29,0.195,0.12,0.163,91.7,9.54,0,0,0,100,,2,Nasturtium officinale,emergent,0.52,0.2,45
"36.509329, -121.766890",Carmel River,Garland Ranch,4/19/25,spring,"Audrey, Dante Bryant, Sara Gonzalez, Malia Gavino",10:36 AM,12:00 PM,LB,0.9264705882,13.45,8.29,0.195,0.12,0.163,91.7,9.54,0,0,0,100,,1,Nasturtium officinale,submergent,0.52,0.1,4
"36.509329, -121.766890",Carmel River,Garland Ranch,4/19/25,spring,"Audrey, Dante Bryant, Sara Gonzalez, Malia Gavino",10:36 AM,12:00 PM,LB,0.9264705882,13.45,8.29,0.195,0.12,0.163,91.7,9.54,0,0,0,100,,9,Mentha aquatica,submergent,0.52,0.1,4
"36.509329, -121.766890",Carmel River,Garland Ranch,4/19/25,spring,"Audrey, Dante Bryant, Sara Gonzalez, Malia Gavino",10:36 AM,12:00 PM,LB,0.9264705882,13.45,8.29,0.195,0.12,0.163,91.7,9.54,0,0,0,100,11.6,9,annual grass,emergent,0.515,0.1,<2
"36.509329, -121.766890",Carmel River,Garland Ranch,4/19/25,spring,"Audrey, Dante Bryant, Sara Gonzalez, Malia Gavino",10:36 AM,12:00 PM,LB,0.9264705882,13.45,8.29,0.195,0.12,0.163,91.7,9.54,0,0,0,100,,1,Nasturtium officinale,submergent,0.54,0.2,32
"36.509329, -121.766890",Carmel River,Garland Ranch,4/19/25,spring,"Audrey, Dante Bryant, Sara Gonzalez, Malia Gavino",10:36 AM,12:00 PM,LB,0.9264705882,13.45,8.29,0.195,0.12,0.163,91.7,9.54,0,0,0,100,,4,Mentha aquatica,submergent,0.54,0.2,32
"36.509329, -121.766890",Carmel River,Garland Ranch,4/19/25,spring,"Audrey, Dante Bryant, Sara Gonzalez, Malia Gavino",10:36 AM,12:00 PM,LB,0.9264705882,13.45,8.29,0.195,0.12,0.163,91.7,9.54,0,0,0,100,,2,Nasturtium officinale,submergent,0.52,0.2,128
"36.509329, -121.766890",Carmel River,Garland Ranch,4/19/25,spring,"Audrey, Dante Bryant, Sara Gonzalez, Malia Gavino",10:36 AM,12:00 PM,LB,0.9264705882,13.45,8.29,0.195,0.12,0.163,91.7,9.54,0,0,0,100,,4,Nasturtium officinale,emergent,0.39,0.1,64
"36.509329, -121.766890",Carmel River,Garland Ranch,4/19/25,spring,"Audrey, Dante Bryant, Sara Gonzalez, Malia Gavino",10:36 AM,12:00 PM,LB,0.9264705882,13.45,8.29,0.195,0.12,0.163,91.7,9.54,0,0,0,100,,1,Mentha aquatica,emergent,0.39,0.1,64
"36.509329, -121.766890",Carmel River,Garland Ranch,4/19/25,spring,"Audrey, Dante Bryant, Sara Gonzalez, Malia Gavino",10:36 AM,12:00 PM,LB,0.9264705882,13.45,8.29,0.195,0.12,0.163,91.7,9.54,0,0,0,100,,1,Mentha aquatica,emergent,0.37,0.05,45
"36.509329, -121.766890",Carmel River,Garland Ranch,4/19/25,spring,"Audrey, Dante Bryant, Sara Gonzalez, Malia Gavino",10:36 AM,12:00 PM,LB,0.9264705882,13.45,8.29,0.195,0.12,0.163,91.7,9.54,0,0,0,100,,3,Veronica anagallis-aquatica,submergent,0.24,0,64
"36.509329, -121.766890",Carmel River,Garland Ranch,4/19/25,spring,"Audrey, Dante Bryant, Sara Gonzalez, Malia Gavino",10:36 AM,12:00 PM,LB,0.9264705882,13.45,8.29,0.195,0.12,0.163,91.7,9.54,0,0,0,100,,2,Nasturtium officinale,submergent,0.24,0,64
"36.509329, -121.766890",Carmel River,Garland Ranch,4/19/25,spring,"Audrey, Dante Bryant, Sara Gonzalez, Malia Gavino",10:36 AM,12:00 PM,LB,0.9264705882,13.45,8.29,0.195,0.12,0.163,91.7,9.54,0,0,0,100,,17,Nasturtium officinale,emergent,0.19,0,<2
"36.509329, -121.766890",Carmel River,Garland Ranch,4/19/25,spring,"Audrey, Dante Bryant, Sara Gonzalez, Malia Gavino",10:36 AM,12:00 PM,LB,0.9264705882,13.45,8.29,0.195,0.12,0.163,91.7,9.54,0,0,0,100,,2,Mentha aquatica,emergent,0.19,0,<2
"36.509329, -121.766890",Carmel River,Garland Ranch,4/19/25,spring,"Audrey, Dante Bryant, Sara Gonzalez, Malia Gavino",10:36 AM,12:00 PM,LB,0.9264705882,13.45,8.29,0.195,0.12,0.163,91.7,9.54,0,0,0,100,8.2,30,annual grass,emergent,0.305,<0.1,64
"36.509329, -121.766890",Carmel River,Garland Ranch,4/19/25,spring,"Audrey, Dante Bryant, Sara Gonzalez, Malia Gavino",10:36 AM,12:00 PM,LB,0.9264705882,13.45,8.29,0.195,0.12,0.163,91.7,9.54,0,0,0,100,,1,Mentha aquatica,emergent,0.305,<0.1,<2
"36.509329, -121.766890",Carmel River,Garland Ranch,4/19/25,spring,"Audrey, Dante Bryant, Sara Gonzalez, Malia Gavino",10:36 AM,12:00 PM,LB,0.9264705882,13.45,8.29,0.195,0.12,0.163,91.7,9.54,0,0,0,100,,5,Mentha aquatica,submergent,0.575,0.2,45
"36.509329, -121.766890",Carmel River,Garland Ranch,4/19/25,spring,"Audrey, Dante Bryant, Sara Gonzalez, Malia Gavino",10:36 AM,12:00 PM,LB,0.9264705882,13.45,8.29,0.195,0.12,0.163,91.7,9.54,0,0,0,100,,2,Nasturtium officinale,submergent,0.48,0.3,90
"36.509329, -121.766890",Carmel River,Garland Ranch,4/19/25,spring,"Audrey, Dante Bryant, Sara Gonzalez, Malia Gavino",10:36 AM,12:00 PM,LB,0.9264705882,13.45,8.29,0.195,0.12,0.163,91.7,9.54,0,0,0,100,,2,Mentha aquatica,submergent,0.63,0.3,90
"36.509329, -121.766890",Carmel River,Garland Ranch,4/19/25,spring,"Audrey, Dante Bryant, Sara Gonzalez, Malia Gavino",10:36 AM,12:00 PM,LB,0.9264705882,13.45,8.29,0.195,0.12,0.163,91.7,9.54,0,0,0,100,,2,Mentha aquatica,emergent,0.77,0.3,90
"36.509329, -121.766890",Carmel River,Garland Ranch,4/19/25,spring,"Audrey, Dante Bryant, Sara Gonzalez, Malia Gavino",10:36 AM,12:00 PM,LB,0.9264705882,13.45,8.29,0.195,0.12,0.163,91.7,9.54,0,0,0,100,,1,Nasturtium officinale,emergent,0.77,0.3,64
"36.509329, -121.766890",Carmel River,Garland Ranch,4/19/25,spring,"Audrey, Dante Bryant, Sara Gonzalez, Malia Gavino",12:05 PM,12:48 PM,RB,0.8529411765,14.46,8.46,0.201,0.12,0.164,102.2,10.38,0,2,0,98,6.2,15,annual grass,emergent,0.215,0.3,11
"36.509329, -121.766890",Carmel River,Garland Ranch,4/19/25,spring,"Audrey, Dante Bryant, Sara Gonzalez, Malia Gavino",12:05 PM,12:48 PM,RB,0.8529411765,14.46,8.46,0.201,0.12,0.164,102.2,10.38,0,2,0,98,,68,Mentha aquatica,partly emergent,0.25,0.2,<2
"36.509329, -121.766890",Carmel River,Garland Ranch,4/19/25,spring,"Audrey, Dante Bryant, Sara Gonzalez, Malia Gavino",12:05 PM,12:48 PM,RB,0.8529411765,14.46,8.46,0.201,0.12,0.164,102.2,10.38,0,2,0,98,,1,Nasturtium officinale,submergent,0.31,0.2,32
"36.509329, -121.766890",Carmel River,Garland Ranch,4/19/25,spring,"Audrey, Dante Bryant, Sara Gonzalez, Malia Gavino",12:05 PM,12:48 PM,RB,0.8529411765,14.46,8.46,0.201,0.12,0.164,102.2,10.38,0,2,0,98,,2,Nasturtium officinale,submergent,0.35,0.2,32
"36.509329, -121.766890",Carmel River,Garland Ranch,4/19/25,spring,"Audrey, Dante Bryant, Sara Gonzalez, Malia Gavino",12:05 PM,12:48 PM,RB,0.8529411765,14.46,8.46,0.201,0.12,0.164,102.2,10.38,0,2,0,98,10,31,Scirpus microcarpus,emergent,0.445,0.3,180
"36.509329, -121.766890",Carmel River,Garland Ranch,4/19/25,spring,"Audrey, Dante Bryant, Sara Gonzalez, Malia Gavino",12:05 PM,12:48 PM,RB,0.8529411765,14.46,8.46,0.201,0.12,0.164,102.2,10.38,0,2,0,98,,8,Scirpus microcarpus,emergent,0.52,0.3,90
"36.509329, -121.766890",Carmel River,Garland Ranch,4/19/25,spring,"Audrey, Dante Bryant, Sara Gonzalez, Malia Gavino",12:05 PM,12:48 PM,RB,0.8529411765,14.46,8.46,0.201,0.12,0.164,102.2,10.38,0,2,0,98,,10,annual grass,emergent,0.73,0.3,128
"36.509329, -121.766890",Carmel River,Garland Ranch,4/19/25,spring,"Audrey, Dante Bryant, Sara Gonzalez, Malia Gavino",12:05 PM,12:48 PM,RB,0.8529411765,14.46,8.46,0.201,0.12,0.164,102.2,10.38,0,2,0,98,,6,annual grass,emergent,0.7,0.2,90
"36.509329, -121.766890",Carmel River,Garland Ranch,4/19/25,spring,"Audrey, Dante Bryant, Sara Gonzalez, Malia Gavino",12:05 PM,12:48 PM,RB,0.8529411765,14.46,8.46,0.201,0.12,0.164,102.2,10.38,0,2,0,98,,1,Scirpus microcarpus,emergent,0.635,0.3,64
"36.509329, -121.766890",Carmel River,Garland Ranch,4/19/25,spring,"Audrey, Dante Bryant, Sara Gonzalez, Malia Gavino",12:05 PM,12:48 PM,RB,0.8529411765,14.46,8.46,0.201,0.12,0.164,102.2,10.38,0,2,0,98,,1,Mentha aquatica,emergent,0.53,0.2,22
"36.509329, -121.766890",Carmel River,Garland Ranch,4/19/25,spring,"Audrey, Dante Bryant, Sara Gonzalez, Malia Gavino",12:05 PM,12:48 PM,RB,0.8529411765,14.46,8.46,0.201,0.12,0.164,102.2,10.38,0,2,0,98,,1,Nasturtium officinale,submergent,0.595,0.2,180
"36.509329, -121.766890",Carmel River,Garland Ranch,4/19/25,spring,"Audrey, Dante Bryant, Sara Gonzalez, Malia Gavino",12:05 PM,12:48 PM,RB,0.8529411765,14.46,8.46,0.201,0.12,0.164,102.2,10.38,0,2,0,98,,7,Mentha aquatica,emergent,0.555,0.2,64
"36.509329, -121.766890",Carmel River,Garland Ranch,4/19/25,spring,"Audrey, Dante Bryant, Sara Gonzalez, Malia Gavino",12:05 PM,12:48 PM,RB,0.8529411765,14.46,8.46,0.201,0.12,0.164,102.2,10.38,0,2,0,98,,29,Nasturtium officinale,submergent,0.52,0.3,128
"36.509329, -121.766890",Carmel River,Garland Ranch,4/19/25,spring,"Audrey, Dante Bryant, Sara Gonzalez, Malia Gavino",12:05 PM,12:48 PM,RB,0.8529411765,14.46,8.46,0.201,0.12,0.164,102.2,10.38,0,2,0,98,4.2,30,annual grass,emergent,0.535,0.2,<2
"36.509329, -121.766890",Carmel River,Garland Ranch,4/19/25,spring,"Audrey, Dante Bryant, Sara Gonzalez, Malia Gavino",12:05 PM,12:48 PM,RB,0.8529411765,14.46,8.46,0.201,0.12,0.164,102.2,10.38,0,2,0,98,4.2,16,Mentha aquatica,emergent,0.535,0.2,<2
"36.509329, -121.766890",Carmel River,Garland Ranch,4/19/25,spring,"Audrey, Dante Bryant, Sara Gonzalez, Malia Gavino",12:05 PM,12:48 PM,RB,0.8529411765,14.46,8.46,0.201,0.12,0.164,102.2,10.38,0,2,0,98,,4,Nasturtium officinale,submergent,0.585,0.2,128
"36.509329, -121.766890",Carmel River,Garland Ranch,4/19/25,spring,"Audrey, Dante Bryant, Sara Gonzalez, Malia Gavino",12:05 PM,12:48 PM,RB,0.8529411765,14.46,8.46,0.201,0.12,0.164,102.2,10.38,0,2,0,98,5.8,32,Scirpus microcarpus,emergent,0.67,0.2,90
"36.509329, -121.766890",Carmel River,Garland Ranch,4/19/25,spring,"Audrey, Dante Bryant, Sara Gonzalez, Malia Gavino",12:05 PM,12:48 PM,RB,0.8529411765,14.46,8.46,0.201,0.12,0.164,102.2,10.38,0,2,0,98,,6,Mentha aquatica,emergent,0.67,0.2,90
"36.3986234, -121.6618741",Carmel River,Cachagua Park,4/27/2025,spring,"Audrey, Dante Bryant, Sara Gonzalez, Malia Gavino",11:09 AM,12:12 PM,RB,0.9411764706,13.47,8.52,0.143,0.09,0.119,73.8,7.69,0,0,0,100,2.6,11,Carex nudata,emergent,0.54,0.06096,64
"36.3986234, -121.6618741",Carmel River,Cachagua Park,4/27/2025,spring,"Audrey, Dante Bryant, Sara Gonzalez, Malia Gavino",11:09 AM,12:12 PM,RB,0.9411764706,13.47,8.52,0.143,0.09,0.119,73.8,7.69,0,0,0,100,,4,Carex nudata,emergent,0.135,0.09144,200
"36.3986234, -121.6618741",Carmel River,Cachagua Park,4/27/2025,spring,"Audrey, Dante Bryant, Sara Gonzalez, Malia Gavino",11:09 AM,12:12 PM,RB,0.9411764706,13.47,8.52,0.143,0.09,0.119,73.8,7.69,0,0,0,100,,3,Carex nudata,emergent,0.13,0.03048,300
"36.3986234, -121.6618741",Carmel River,Cachagua Park,4/27/2025,spring,"Audrey, Dante Bryant, Sara Gonzalez, Malia Gavino",11:09 AM,12:12 PM,RB,0.9411764706,13.47,8.52,0.143,0.09,0.119,73.8,7.69,0,0,0,100,,31,Equisetum arvense,emergent,0.12,0.03048,128
"36.3986234, -121.6618741",Carmel River,Cachagua Park,4/27/2025,spring,"Audrey, Dante Bryant, Sara Gonzalez, Malia Gavino",11:09 AM,12:12 PM,RB,0.9411764706,13.47,8.52,0.143,0.09,0.119,73.8,7.69,0,0,0,100,,5,Carex nudata,emergent,0.13,0.06096,22.6
"36.3986234, -121.6618741",Carmel River,Cachagua Park,4/27/2025,spring,"Audrey, Dante Bryant, Sara Gonzalez, Malia Gavino",11:09 AM,12:12 PM,RB,0.9411764706,13.47,8.52,0.143,0.09,0.119,73.8,7.69,0,0,0,100,,3,Carex nudata,emergent,0.15,0.09144,64
"36.3986234, -121.6618741",Carmel River,Cachagua Park,4/27/2025,spring,"Audrey, Dante Bryant, Sara Gonzalez, Malia Gavino",11:09 AM,12:12 PM,RB,0.9411764706,13.47,8.52,0.143,0.09,0.119,73.8,7.69,0,0,0,100,,1,Carex nudata,emergent,0.2,0,350
"36.3986234, -121.6618741",Carmel River,Cachagua Park,4/27/2025,spring,"Audrey, Dante Bryant, Sara Gonzalez, Malia Gavino",11:09 AM,12:12 PM,RB,0.9411764706,13.47,8.52,0.143,0.09,0.119,73.8,7.69,0,0,0,100,,13,annual grass,emergent,0.45,0.1524,90
"36.3986234, -121.6618741",Carmel River,Cachagua Park,4/27/2025,spring,"Audrey, Dante Bryant, Sara Gonzalez, Malia Gavino",11:09 AM,12:12 PM,RB,0.9411764706,13.47,8.52,0.143,0.09,0.119,73.8,7.69,0,0,0,100,,2,Carex nudata,emergent,0.21,0.06096,<2
"36.3986234, -121.6618741",Carmel River,Cachagua Park,4/27/2025,spring,"Audrey, Dante Bryant, Sara Gonzalez, Malia Gavino",11:09 AM,12:12 PM,RB,0.9411764706,13.47,8.52,0.143,0.09,0.119,73.8,7.69,0,0,0,100,,2,Juncus effusus,emergent,0.56,0.03048,45
"36.3986234, -121.6618741",Carmel River,Cachagua Park,4/27/2025,spring,"Audrey, Dante Bryant, Sara Gonzalez, Malia Gavino",11:09 AM,12:12 PM,RB,0.9411764706,13.47,8.52,0.143,0.09,0.119,73.8,7.69,0,0,0,100,,2,Carex nudata,emergent,0.22,0.12192,<2
"36.3986234, -121.6618741",Carmel River,Cachagua Park,4/27/2025,spring,"Audrey, Dante Bryant, Sara Gonzalez, Malia Gavino",11:09 AM,12:12 PM,RB,0.9411764706,13.47,8.52,0.143,0.09,0.119,73.8,7.69,0,0,0,100,,2,Carex nudata,emergent,0.51,0.01524,<2
"36.3986234, -121.6618741",Carmel River,Cachagua Park,4/27/2025,spring,"Audrey, Dante Bryant, Sara Gonzalez, Malia Gavino",11:09 AM,12:12 PM,RB,0.9411764706,13.47,8.52,0.143,0.09,0.119,73.8,7.69,0,0,0,100,,1,Carex nudata,emergent,0.69,0.01524,<2
"36.3986234, -121.6618741",Carmel River,Cachagua Park,4/27/2025,spring,"Audrey, Dante Bryant, Sara Gonzalez, Malia Gavino",11:09 AM,12:12 PM,RB,0.9411764706,13.47,8.52,0.143,0.09,0.119,73.8,7.69,0,0,0,100,7.6,12,Carex nudata,emergent,0.94,0.03048,<2
"36.3986234, -121.6618741",Carmel River,Cachagua Park,4/27/2025,spring,"Audrey, Dante Bryant, Sara Gonzalez, Malia Gavino",11:09 AM,12:12 PM,RB,0.9411764706,13.47,8.52,0.143,0.09,0.119,73.8,7.69,0,0,0,100,,5,Carex nudata,emergent,0.67,0.09144,<2
"36.3986234, -121.6618741",Carmel River,Cachagua Park,4/27/2025,spring,"Audrey, Dante Bryant, Sara Gonzalez, Malia Gavino",11:09 AM,12:12 PM,RB,0.9411764706,13.47,8.52,0.143,0.09,0.119,73.8,7.69,0,0,0,100,7.6,11,Carex nudata,emergent,0.21,0.1524,>300
"36.3986234, -121.6618741",Carmel River,Cachagua Park,4/27/2025,spring,"Audrey, Dante Bryant, Sara Gonzalez, Malia Gavino",11:09 AM,12:12 PM,RB,0.9411764706,13.47,8.52,0.143,0.09,0.119,73.8,7.69,0,0,0,100,,1,Carex nudata,emergent,0.9,0.03048,>300
"36.3986234, -121.6618741",Carmel River,Cachagua Park,4/27/2025,spring,"Audrey, Dante Bryant, Sara Gonzalez, Malia Gavino",11:09 AM,12:12 PM,RB,0.9411764706,13.47,8.52,0.143,0.09,0.119,73.8,7.69,0,0,0,100,,1,Carex nudata,emergent,0.95,0.01524,>300
"36.3986234, -121.6618741",Carmel River,Cachagua Park,4/27/2025,spring,"Audrey, Dante Bryant, Sara Gonzalez, Malia Gavino",12:57 PM,2:07 PM,LB,1,13.4,8.52,0.141,0.09,0.117,75.2,7.85,0,0,0,100,9.8,9,Carex nudata,emergent,0.28,0.39624,>300
"36.3986234, -121.6618741",Carmel River,Cachagua Park,4/27/2025,spring,"Audrey, Dante Bryant, Sara Gonzalez, Malia Gavino",12:57 PM,2:07 PM,LB,1,13.4,8.52,0.141,0.09,0.117,75.2,7.85,0,0,0,100,7.2,10,Carex nudata,emergent,0.8,0.3048,>300
"36.3986234, -121.6618741",Carmel River,Cachagua Park,4/27/2025,spring,"Audrey, Dante Bryant, Sara Gonzalez, Malia Gavino",12:57 PM,2:07 PM,LB,1,13.4,8.52,0.141,0.09,0.117,75.2,7.85,0,0,0,100,,4,Carex nudata,emergent,1,0.27432,>300
"36.3986234, -121.6618741",Carmel River,Cachagua Park,4/27/2025,spring,"Audrey, Dante Bryant, Sara Gonzalez, Malia Gavino",12:57 PM,2:07 PM,LB,1,13.4,8.52,0.141,0.09,0.117,75.2,7.85,0,0,0,100,,2,Carex nudata,emergent,1.1,0.27432,>300
"36.3986234, -121.6618741",Carmel River,Cachagua Park,4/27/2025,spring,"Audrey, Dante Bryant, Sara Gonzalez, Malia Gavino",12:57 PM,2:07 PM,LB,1,13.4,8.52,0.141,0.09,0.117,75.2,7.85,0,0,0,100,,6,Carex nudata,emergent,0.85,0.18288,180
"36.3986234, -121.6618741",Carmel River,Cachagua Park,4/27/2025,spring,"Audrey, Dante Bryant, Sara Gonzalez, Malia Gavino",12:57 PM,2:07 PM,LB,1,13.4,8.52,0.141,0.09,0.117,75.2,7.85,0,0,0,100,,7,Carex nudata,emergent,0.71,0.24384,180
"36.3986234, -121.6618741",Carmel River,Cachagua Park,4/27/2025,spring,"Audrey, Dante Bryant, Sara Gonzalez, Malia Gavino",12:57 PM,2:07 PM,LB,1,13.4,8.52,0.141,0.09,0.117,75.2,7.85,0,0,0,100,,3,Carex nudata,emergent,0.48,0.06096,>300
"36.3986234, -121.6618741",Carmel River,Cachagua Park,4/27/2025,spring,"Audrey, Dante Bryant, Sara Gonzalez, Malia Gavino",12:57 PM,2:07 PM,LB,1,13.4,8.52,0.141,0.09,0.117,75.2,7.85,0,0,0,100,,6,Carex nudata,emergent,0.76,0.06096,>300
"36.3986234, -121.6618741",Carmel River,Cachagua Park,4/27/2025,spring,"Audrey, Dante Bryant, Sara Gonzalez, Malia Gavino",12:57 PM,2:07 PM,LB,1,13.4,8.52,0.141,0.09,0.117,75.2,7.85,0,0,0,100,,6,Carex nudata,emergent,0.46,0.06096,>300
"36.3986234, -121.6618741",Carmel River,Cachagua Park,4/27/2025,spring,"Audrey, Dante Bryant, Sara Gonzalez, Malia Gavino",12:57 PM,2:07 PM,LB,1,13.4,8.52,0.141,0.09,0.117,75.2,7.85,0,0,0,100,,4,Carex nudata,emergent,0.54,0.03048,>300
"36.5241172, -121.8307520",Carmel River,Schulte's Bridge (redo),9/20/2025,fall,"Audrey, Malia Gavino, Eli Wellman",10:27,12:00 PM,LB,0.9264705882,16.73,7.31,0.339,0.19,0.262,51,4.94,0,50,0,50,3.8,10,annual grass,emergent,0.34,0,64
"36.5241172, -121.8307520",Carmel River,Schulte's Bridge (redo),9/20/2025,fall,"Audrey, Malia Gavino, Eli Wellman",10:27,12:00 PM,LB,0.9264705882,16.73,7.31,0.339,0.19,0.262,51,4.94,0,50,0,50,,4,Veronica anagallis-aquatica,submergent,0.34,0,64
"36.5241172, -121.8307520",Carmel River,Schulte's Bridge (redo),9/20/2025,fall,"Audrey, Malia Gavino, Eli Wellman",10:27,12:00 PM,LB,0.9264705882,16.73,7.31,0.339,0.19,0.262,51,4.94,0,50,0,50,,1,Veronica anagallis-aquatica,submergent,0.37,0.03048,<2
"36.5241172, -121.8307520",Carmel River,Schulte's Bridge (redo),9/20/2025,fall,"Audrey, Malia Gavino, Eli Wellman",10:27,12:00 PM,LB,0.9264705882,16.73,7.31,0.339,0.19,0.262,51,4.94,0,50,0,50,,2,Mentha aquatica,emergent,0.38,0,45
"36.5241172, -121.8307520",Carmel River,Schulte's Bridge (redo),9/20/2025,fall,"Audrey, Malia Gavino, Eli Wellman",10:27,12:00 PM,LB,0.9264705882,16.73,7.31,0.339,0.19,0.262,51,4.94,0,50,0,50,2.8,13,Veronica anagallis-aquatica,emergent,0.41,0.06096,45
"36.5241172, -121.8307520",Carmel River,Schulte's Bridge (redo),9/20/2025,fall,"Audrey, Malia Gavino, Eli Wellman",10:27,12:00 PM,LB,0.9264705882,16.73,7.31,0.339,0.19,0.262,51,4.94,0,50,0,50,,4,Mentha aquatica,emergent,0.44,0,<2
"36.5241172, -121.8307520",Carmel River,Schulte's Bridge (redo),9/20/2025,fall,"Audrey, Malia Gavino, Eli Wellman",10:27,12:00 PM,LB,0.9264705882,16.73,7.31,0.339,0.19,0.262,51,4.94,0,50,0,50,,7,Mentha aquatica,emergent,0.47,0,<2
"36.5241172, -121.8307520",Carmel River,Schulte's Bridge (redo),9/20/2025,fall,"Audrey, Malia Gavino, Eli Wellman",10:27,12:00 PM,LB,0.9264705882,16.73,7.31,0.339,0.19,0.262,51,4.94,0,50,0,50,5,20,Persicaria punctata,emergent,0.51,0,<2
"36.5241172, -121.8307520",Carmel River,Schulte's Bridge (redo),9/20/2025,fall,"Audrey, Malia Gavino, Eli Wellman",10:27,12:00 PM,LB,0.9264705882,16.73,7.31,0.339,0.19,0.262,51,4.94,0,50,0,50,5.2,5,Veronica anagallis-aquatica,emergent,0.51,0,<2
"36.5241172, -121.8307520",Carmel River,Schulte's Bridge (redo),9/20/2025,fall,"Audrey, Malia Gavino, Eli Wellman",10:27,12:00 PM,LB,0.9264705882,16.73,7.31,0.339,0.19,0.262,51,4.94,0,50,0,50,6.2,30,annual grass,emergent,0.51,0,<2
"36.5241172, -121.8307520",Carmel River,Schulte's Bridge (redo),9/20/2025,fall,"Audrey, Malia Gavino, Eli Wellman",10:27,12:00 PM,LB,0.9264705882,16.73,7.31,0.339,0.19,0.262,51,4.94,0,50,0,50,,6,Mentha aquatica,emergent,0.62,0.03048,<2
"36.5241172, -121.8307520",Carmel River,Schulte's Bridge (redo),9/20/2025,fall,"Audrey, Malia Gavino, Eli Wellman",10:27,12:00 PM,LB,0.9264705882,16.73,7.31,0.339,0.19,0.262,51,4.94,0,50,0,50,,1,Mentha aquatica,emergent,0.695,0,<2
"36.5241172, -121.8307520",Carmel River,Schulte's Bridge (redo),9/20/2025,fall,"Audrey, Malia Gavino, Eli Wellman",10:27,12:00 PM,LB,0.9264705882,16.73,7.31,0.339,0.19,0.262,51,4.94,0,50,0,50,3.4,5,Veronica anagallis-aquatica,submergent,0.695,0,<2
"36.5241172, -121.8307520",Carmel River,Schulte's Bridge (redo),9/20/2025,fall,"Audrey, Malia Gavino, Eli Wellman",10:27,12:00 PM,LB,0.9264705882,16.73,7.31,0.339,0.19,0.262,51,4.94,0,50,0,50,,1,Veronica anagallis-aquatica,submergent,0.77,0,<2
"36.5241172, -121.8307520",Carmel River,Schulte's Bridge (redo),9/20/2025,fall,"Audrey, Malia Gavino, Eli Wellman",10:27,12:00 PM,LB,0.9264705882,16.73,7.31,0.339,0.19,0.262,51,4.94,0,50,0,50,,1,Mentha aquatica,emergent,0.83,0.03048,<2
"36.5241172, -121.8307520",Carmel River,Schulte's Bridge (redo),9/20/2025,fall,"Audrey, Malia Gavino, Eli Wellman",10:27,12:00 PM,LB,0.9264705882,16.73,7.31,0.339,0.19,0.262,51,4.94,0,50,0,50,,1,Veronica anagallis-aquatica,submergent,0.835,0.06096,<2
"36.5241172, -121.8307520",Carmel River,Schulte's Bridge (redo),9/20/2025,fall,"Audrey, Malia Gavino, Eli Wellman",10:27,12:00 PM,LB,0.9264705882,16.73,7.31,0.339,0.19,0.262,51,4.94,0,50,0,50,25.4,36,Persicaria punctata,emergent,0.95,0.03048,64
"36.5241172, -121.8307520",Carmel River,Schulte's Bridge (redo),9/20/2025,fall,"Audrey, Malia Gavino, Eli Wellman",10:27,12:00 PM,LB,0.9264705882,16.73,7.31,0.339,0.19,0.262,51,4.94,0,50,0,50,24.2,200,Mentha aquatica,emergent,0.95,0.03048,64
"36.5241172, -121.8307520",Carmel River,Schulte's Bridge (redo),9/20/2025,fall,"Audrey, Malia Gavino, Eli Wellman",10:27,12:00 PM,LB,0.9264705882,16.73,7.31,0.339,0.19,0.262,51,4.94,0,50,0,50,21.8,35,Persicaria punctata,emergent,0.83,0.03048,<2
"36.5241172, -121.8307520",Carmel River,Schulte's Bridge (redo),9/20/2025,fall,"Audrey, Malia Gavino, Eli Wellman",10:27,12:00 PM,LB,0.9264705882,16.73,7.31,0.339,0.19,0.262,51,4.94,0,50,0,50,21.8,5,Veronica anagallis-aquatica,emergent,0.83,0.03048,<2
"36.5241172, -121.8307520",Carmel River,Schulte's Bridge (redo),9/20/2025,fall,"Audrey, Malia Gavino, Eli Wellman",10:27,12:00 PM,LB,0.9264705882,16.73,7.31,0.339,0.19,0.262,51,4.94,0,50,0,50,21.8,250,Mentha aquatica,emergent,0.83,0.03048,<2
"36.5241172, -121.8307520",Carmel River,Schulte's Bridge (redo),9/20/2025,fall,"Audrey, Malia Gavino, Eli Wellman",10:27,12:00 PM,LB,0.9264705882,16.73,7.31,0.339,0.19,0.262,51,4.94,0,50,0,50,9.4,29,Scirpus microcarpus,emergent,0.83,0.03048,<2
"36.5241172, -121.8307520",Carmel River,Schulte's Bridge (redo),9/20/2025,fall,"Audrey, Malia Gavino, Eli Wellman",12:40 PM,1:40 PM,RB,1,16.79,7.41,0.334,0.19,0.257,51.8,5.03,0,75,0,25,,4,Nasturtium officinale,emergent,0.69,0.06096,90
"36.5241172, -121.8307520",Carmel River,Schulte's Bridge (redo),9/20/2025,fall,"Audrey, Malia Gavino, Eli Wellman",12:40 PM,1:40 PM,RB,1,16.79,7.41,0.334,0.19,0.257,51.8,5.03,0,75,0,25,,1,Persicaria punctata,emergent,1.2,0.06096,<2
"36.5241172, -121.8307520",Carmel River,Schulte's Bridge (redo),9/20/2025,fall,"Audrey, Malia Gavino, Eli Wellman",12:40 PM,1:40 PM,RB,1,16.79,7.41,0.334,0.19,0.257,51.8,5.03,0,75,0,25,,2,Nasturtium officinale,emergent,1.12,0.12192,5.6
"36.5241172, -121.8307520",Carmel River,Schulte's Bridge (redo),9/20/2025,fall,"Audrey, Malia Gavino, Eli Wellman",12:40 PM,1:40 PM,RB,1,16.79,7.41,0.334,0.19,0.257,51.8,5.03,0,75,0,25,14,19,Mentha aquatica,emergent,0.94,0.06096,5.6
"36.5241172, -121.8307520",Carmel River,Schulte's Bridge (redo),9/20/2025,fall,"Audrey, Malia Gavino, Eli Wellman",12:40 PM,1:40 PM,RB,1,16.79,7.41,0.334,0.19,0.257,51.8,5.03,0,75,0,25,1.4,9,Persicaria punctata,emergent,0.94,0.06096,5.6
"36.5241172, -121.8307520",Carmel River,Schulte's Bridge (redo),9/20/2025,fall,"Audrey, Malia Gavino, Eli Wellman",12:40 PM,1:40 PM,RB,1,16.79,7.41,0.334,0.19,0.257,51.8,5.03,0,75,0,25,,1,Veronica anagallis-aquatica,emergent,0.55,0.06096,2.8
"36.5241172, -121.8307520",Carmel River,Schulte's Bridge (redo),9/20/2025,fall,"Audrey, Malia Gavino, Eli Wellman",12:40 PM,1:40 PM,RB,1,16.79,7.41,0.334,0.19,0.257,51.8,5.03,0,75,0,25,16.2,50,annual grass,emergent,0.115,0,8
"36.5241172, -121.8307520",Carmel River,Schulte's Bridge (redo),9/20/2025,fall,"Audrey, Malia Gavino, Eli Wellman",12:40 PM,1:40 PM,RB,1,16.79,7.41,0.334,0.19,0.257,51.8,5.03,0,75,0,25,12.6,83,Veronica anagallis-aquatica,emergent,0.115,0,8
"36.5241172, -121.8307520",Carmel River,Schulte's Bridge (redo),9/20/2025,fall,"Audrey, Malia Gavino, Eli Wellman",12:40 PM,1:40 PM,RB,1,16.79,7.41,0.334,0.19,0.257,51.8,5.03,0,75,0,25,,26,Mentha aquatica,emergent,0.115,0,8
"36.5241172, -121.8307520",Carmel River,Schulte's Bridge (redo),9/20/2025,fall,"Audrey, Malia Gavino, Eli Wellman",12:40 PM,1:40 PM,RB,1,16.79,7.41,0.334,0.19,0.257,51.8,5.03,0,75,0,25,,3,Mentha aquatica,emergent,0.15,0,11
"36.5241172, -121.8307520",Carmel River,Schulte's Bridge (redo),9/20/2025,fall,"Audrey, Malia Gavino, Eli Wellman",12:40 PM,1:40 PM,RB,1,16.79,7.41,0.334,0.19,0.257,51.8,5.03,0,75,0,25,6,170,Veronica anagallis-aquatica,emergent,20,0,<2
"36.5241172, -121.8307520",Carmel River,Schulte's Bridge (redo),9/20/2025,fall,"Audrey, Malia Gavino, Eli Wellman",12:40 PM,1:40 PM,RB,1,16.79,7.41,0.334,0.19,0.257,51.8,5.03,0,75,0,25,,1,Nasturtium officinale,emergent,25,0,2.8
"36.4594290, -121.7969860",Garzas Creek,Lower Garzas (SLP),9/28/2025,fall,"Audrey, Malia Gavino, Sachi Uddin, Alma Street",11:02 AM,1:37 PM,RB,1,20.01,7.33,0.184,0.1,0.131,40.7,3.72,20,80,0,0,2.9,NA,Lemna spp. ,floating,0.323,0.001,45
"36.4594290, -121.7969860",Garzas Creek,Lower Garzas (SLP),9/28/2025,fall,"Audrey, Malia Gavino, Sachi Uddin, Alma Street",11:02 AM,1:37 PM,RB,1,20.01,7.33,0.184,0.1,0.131,40.7,3.72,20,80,0,0,,1,Persicaria punctata,emergent,0.12,0.0014,32
"36.4594290, -121.7969860",Garzas Creek,Lower Garzas (SLP),9/28/2025,fall,"Audrey, Malia Gavino, Sachi Uddin, Alma Street",11:02 AM,1:37 PM,RB,1,20.01,7.33,0.184,0.1,0.131,40.7,3.72,20,80,0,0,0.8,29,Persicaria punctata,emergent,0.25,0.0236,128
"36.4594290, -121.7969860",Garzas Creek,Lower Garzas (SLP),9/28/2025,fall,"Audrey, Malia Gavino, Sachi Uddin, Alma Street",11:02 AM,1:37 PM,RB,1,20.01,7.33,0.184,0.1,0.131,40.7,3.72,20,80,0,0,5.8,NA,Lemna spp. ,floating,0.18,0.0198,45
"36.4594290, -121.7969860",Garzas Creek,Lower Garzas (SLP),9/28/2025,fall,"Audrey, Malia Gavino, Sachi Uddin, Alma Street",11:02 AM,1:37 PM,RB,1,20.01,7.33,0.184,0.1,0.131,40.7,3.72,20,80,0,0,5.2,NA,Lemna spp. ,floating,0.18,0.0133,64
"36.4594290, -121.7969860",Garzas Creek,Lower Garzas (SLP),9/28/2025,fall,"Audrey, Malia Gavino, Sachi Uddin, Alma Street",11:02 AM,1:37 PM,RB,1,20.01,7.33,0.184,0.1,0.131,40.7,3.72,20,80,0,0,11.4,NA,Lemna spp. ,floating,0.06,0.0208,128
"36.4594290, -121.7969860",Garzas Creek,Lower Garzas (SLP),9/28/2025,fall,"Audrey, Malia Gavino, Sachi Uddin, Alma Street",11:02 AM,1:37 PM,RB,1,20.01,7.33,0.184,0.1,0.131,40.7,3.72,20,80,0,0,5.2,6,Scirpus microcarpus,emergent,0.06,0.0208,128
"36.4594290, -121.7969860",Garzas Creek,Lower Garzas (SLP),9/28/2025,fall,"Audrey, Malia Gavino, Sachi Uddin, Alma Street",11:02 AM,1:37 PM,RB,1,20.01,7.33,0.184,0.1,0.131,40.7,3.72,20,80,0,0,,6,Persicaria punctata,emergent,0.06,0.0208,128
"36.4594290, -121.7969860",Garzas Creek,Lower Garzas (SLP),9/28/2025,fall,"Audrey, Malia Gavino, Sachi Uddin, Alma Street",11:02 AM,1:37 PM,RB,1,20.01,7.33,0.184,0.1,0.131,40.7,3.72,20,80,0,0,2.2,8,Persicaria punctata,emergent,0.06,0.0036,90
"36.4594290, -121.7969860",Garzas Creek,Lower Garzas (SLP),9/28/2025,fall,"Audrey, Malia Gavino, Sachi Uddin, Alma Street",11:02 AM,1:37 PM,RB,1,20.01,7.33,0.184,0.1,0.131,40.7,3.72,20,80,0,0,,1,Oenanthe sarmentosa,emergent,0.06,0.0036,90
"36.4594290, -121.7969860",Garzas Creek,Lower Garzas (SLP),9/28/2025,fall,"Audrey, Malia Gavino, Sachi Uddin, Alma Street",11:02 AM,1:37 PM,RB,1,20.01,7.33,0.184,0.1,0.131,40.7,3.72,20,80,0,0,,1,Nasturtium officinale,emergent,0.06,0.0036,90
"36.4594290, -121.7969860",Garzas Creek,Lower Garzas (SLP),9/28/2025,fall,"Audrey, Malia Gavino, Sachi Uddin, Alma Street",11:02 AM,1:37 PM,RB,1,20.01,7.33,0.184,0.1,0.131,40.7,3.72,20,80,0,0,1.4,15,annual grass,emergent,0.08,-0.0591,22.6
"36.4594290, -121.7969860",Garzas Creek,Lower Garzas (SLP),9/28/2025,fall,"Audrey, Malia Gavino, Sachi Uddin, Alma Street",11:02 AM,1:37 PM,RB,1,20.01,7.33,0.184,0.1,0.131,40.7,3.72,20,80,0,0,,1,Oenanthe sarmentosa,emergent,0.08,-0.0591,22.6
"36.4594290, -121.7969860",Garzas Creek,Lower Garzas (SLP),9/28/2025,fall,"Audrey, Malia Gavino, Sachi Uddin, Alma Street",11:02 AM,1:37 PM,RB,1,20.01,7.33,0.184,0.1,0.131,40.7,3.72,20,80,0,0,,1,Nasturtium officinale,emergent,0.08,-0.0591,22.6
"36.4594290, -121.7969860",Garzas Creek,Lower Garzas (SLP),9/28/2025,fall,"Audrey, Malia Gavino, Sachi Uddin, Alma Street",11:02 AM,1:37 PM,RB,1,20.01,7.33,0.184,0.1,0.131,40.7,3.72,20,80,0,0,1.8,10,Nasturtium officinale,emergent,0.1,0.0403,32
"36.4594290, -121.7969860",Garzas Creek,Lower Garzas (SLP),9/28/2025,fall,"Audrey, Malia Gavino, Sachi Uddin, Alma Street",11:02 AM,1:37 PM,RB,1,20.01,7.33,0.184,0.1,0.131,40.7,3.72,20,80,0,0,,2,Persicaria punctata,emergent,0.1,0.0403,32
"36.4594290, -121.7969860",Garzas Creek,Lower Garzas (SLP),9/28/2025,fall,"Audrey, Malia Gavino, Sachi Uddin, Alma Street",11:02 AM,1:37 PM,RB,1,20.01,7.33,0.184,0.1,0.131,40.7,3.72,20,80,0,0,,3,Hydrocotyle ranunculoides,emergent,0.1,0.0403,32
"36.4594290, -121.7969860",Garzas Creek,Lower Garzas (SLP),9/28/2025,fall,"Audrey, Malia Gavino, Sachi Uddin, Alma Street",11:02 AM,1:37 PM,RB,1,20.01,7.33,0.184,0.1,0.131,40.7,3.72,20,80,0,0,5.8,NA,Lemna spp. ,floating,0.08,0.112,64
"36.4594290, -121.7969860",Garzas Creek,Lower Garzas (SLP),9/28/2025,fall,"Audrey, Malia Gavino, Sachi Uddin, Alma Street",11:02 AM,1:37 PM,RB,1,20.01,7.33,0.184,0.1,0.131,40.7,3.72,20,80,0,0,,2,Nasturtium officinale,submergent,0.06,0.084,16
"36.4594290, -121.7969860",Garzas Creek,Lower Garzas (SLP),9/28/2025,fall,"Audrey, Malia Gavino, Sachi Uddin, Alma Street",11:02 AM,1:37 PM,RB,1,20.01,7.33,0.184,0.1,0.131,40.7,3.72,20,80,0,0,,2,Nasturtium officinale,emergent,0.08,0.112,64
"36.4594290, -121.7969860",Garzas Creek,Lower Garzas (SLP),9/28/2025,fall,"Audrey, Malia Gavino, Sachi Uddin, Alma Street",11:02 AM,1:37 PM,RB,1,20.01,7.33,0.184,0.1,0.131,40.7,3.72,20,80,0,0,,1,Nasturtium officinale,emergent,0.06,0.104,22.6
"36.4594290, -121.7969860",Garzas Creek,Lower Garzas (SLP),9/28/2025,fall,"Audrey, Malia Gavino, Sachi Uddin, Alma Street",11:02 AM,1:37 PM,RB,1,20.01,7.33,0.184,0.1,0.131,40.7,3.72,20,80,0,0,,1,Oenanthe sarmentosa,emergent,0.06,0.104,22.6
"36.4594290, -121.7969860",Garzas Creek,Lower Garzas (SLP),9/28/2025,fall,"Audrey, Malia Gavino, Sachi Uddin, Alma Street",11:02 AM,1:37 PM,RB,1,20.01,7.33,0.184,0.1,0.131,40.7,3.72,20,80,0,0,,2,Persicaria punctata,emergent,0.06,0.0123,128
"36.4594290, -121.7969860",Garzas Creek,Lower Garzas (SLP),9/28/2025,fall,"Audrey, Malia Gavino, Sachi Uddin, Alma Street",11:02 AM,1:37 PM,RB,1,20.01,7.33,0.184,0.1,0.131,40.7,3.72,20,80,0,0,6,NA,Lemna spp. ,floating,0.06,-0.0001,180
"36.4594290, -121.7969860",Garzas Creek,Lower Garzas (SLP),9/28/2025,fall,"Audrey, Malia Gavino, Sachi Uddin, Alma Street",11:02 AM,1:37 PM,RB,1,20.01,7.33,0.184,0.1,0.131,40.7,3.72,20,80,0,0,1,NA,Lemna spp. ,floating,0.16,0.0716,45
"36.4594290, -121.7969860",Garzas Creek,Lower Garzas (SLP),9/28/2025,fall,"Audrey, Malia Gavino, Sachi Uddin, Alma Street",11:02 AM,1:37 PM,RB,1,20.01,7.33,0.184,0.1,0.131,40.7,3.72,20,80,0,0,,1,Persicaria punctata,emergent,0.16,0.0716,45
"36.4594290, -121.7969860",Garzas Creek,Lower Garzas (SLP),9/28/2025,fall,"Audrey, Malia Gavino, Sachi Uddin, Alma Street",11:02 AM,1:37 PM,RB,1,20.01,7.33,0.184,0.1,0.131,40.7,3.72,20,80,0,0,,1,Oenanthe sarmentosa,emergent,0.16,0.0716,45
"36.4594290, -121.7969860",Garzas Creek,Lower Garzas (SLP),9/28/2025,fall,"Audrey, Malia Gavino, Sachi Uddin, Alma Street",11:02 AM,1:37 PM,RB,1,20.01,7.33,0.184,0.1,0.131,40.7,3.72,20,80,0,0,2.7,NA,Lunularia spp.,emergent,0.16,0.0716,45
"36.4594290, -121.7969860",Garzas Creek,Lower Garzas (SLP),9/28/2025,fall,"Audrey, Malia Gavino, Sachi Uddin, Alma Street",11:02 AM,1:37 PM,RB,1,20.01,7.33,0.184,0.1,0.131,40.7,3.72,20,80,0,0,0.8,7,annual grass,emergent,0.08,0.0004,200
"36.4594290, -121.7969860",Garzas Creek,Lower Garzas (SLP),9/28/2025,fall,"Audrey, Malia Gavino, Sachi Uddin, Alma Street",11:02 AM,1:37 PM,RB,1,20.01,7.33,0.184,0.1,0.131,40.7,3.72,20,80,0,0,,3,Scirpus microcarpus,emergent,0.08,0.0004,200
"36.4594290, -121.7969860",Garzas Creek,Lower Garzas (SLP),9/28/2025,fall,"Audrey, Malia Gavino, Sachi Uddin, Alma Street",11:02 AM,1:37 PM,RB,1,20.01,7.33,0.184,0.1,0.131,40.7,3.72,20,80,0,0,3.4,14,Persicaria punctata,emergent,0.08,0.0004,200
"36.4594290, -121.7969860",Garzas Creek,Lower Garzas (SLP),9/28/2025,fall,"Audrey, Malia Gavino, Sachi Uddin, Alma Street",11:02 AM,1:37 PM,RB,1,20.01,7.33,0.184,0.1,0.131,40.7,3.72,20,80,0,0,2,5,Persicaria punctata,emergent,0.4,0.0226,128
"36.4594290, -121.7969860",Garzas Creek,Lower Garzas (SLP),9/28/2025,fall,"Audrey, Malia Gavino, Sachi Uddin, Alma Street",2:30 PM,3:25 PM,LB,1,19.97,7.43,0.183,0.1,0.133,42.3,3.84,40,60,0,0,9.2,NA,Lemna spp. ,floating,0.3,0.0027,64
"36.4594290, -121.7969860",Garzas Creek,Lower Garzas (SLP),9/28/2025,fall,"Audrey, Malia Gavino, Sachi Uddin, Alma Street",2:30 PM,3:25 PM,LB,1,19.97,7.43,0.183,0.1,0.133,42.3,3.84,40,60,0,0,12.2,NA,Lemna spp. ,floating,0.22,0,90
"36.4594290, -121.7969860",Garzas Creek,Lower Garzas (SLP),9/28/2025,fall,"Audrey, Malia Gavino, Sachi Uddin, Alma Street",2:30 PM,3:25 PM,LB,1,19.97,7.43,0.183,0.1,0.133,42.3,3.84,40,60,0,0,,1,Persicaria punctata,emergent,0.1,0.009,250
"36.4594290, -121.7969860",Garzas Creek,Lower Garzas (SLP),9/28/2025,fall,"Audrey, Malia Gavino, Sachi Uddin, Alma Street",2:30 PM,3:25 PM,LB,1,19.97,7.43,0.183,0.1,0.133,42.3,3.84,40,60,0,0,,3,Persicaria punctata,emergent,0.1,0.009,250
"36.4594290, -121.7969860",Garzas Creek,Lower Garzas (SLP),9/28/2025,fall,"Audrey, Malia Gavino, Sachi Uddin, Alma Street",2:30 PM,3:25 PM,LB,1,19.97,7.43,0.183,0.1,0.133,42.3,3.84,40,60,0,0,2.8,11,Scirpus microcarpus,emergent,0.1,0.009,250
"36.4594290, -121.7969860",Garzas Creek,Lower Garzas (SLP),9/28/2025,fall,"Audrey, Malia Gavino, Sachi Uddin, Alma Street",2:30 PM,3:25 PM,LB,1,19.97,7.43,0.183,0.1,0.133,42.3,3.84,40,60,0,0,8.4,NA,Lemna spp. ,floating,0.08,0.001,90
"36.4594290, -121.7969860",Garzas Creek,Lower Garzas (SLP),9/28/2025,fall,"Audrey, Malia Gavino, Sachi Uddin, Alma Street",2:30 PM,3:25 PM,LB,1,19.97,7.43,0.183,0.1,0.133,42.3,3.84,40,60,0,0,2.6,11,Persicaria punctata,emergent,0.08,0.001,90
"36.4594290, -121.7969860",Garzas Creek,Lower Garzas (SLP),9/28/2025,fall,"Audrey, Malia Gavino, Sachi Uddin, Alma Street",2:30 PM,3:25 PM,LB,1,19.97,7.43,0.183,0.1,0.133,42.3,3.84,40,60,0,0,1.6,5,Scirpus microcarpus,emergent,0.06,0.0006,64
"36.4594290, -121.7969860",Garzas Creek,Lower Garzas (SLP),9/28/2025,fall,"Audrey, Malia Gavino, Sachi Uddin, Alma Street",2:30 PM,3:25 PM,LB,1,19.97,7.43,0.183,0.1,0.133,42.3,3.84,40,60,0,0,11.8,NA,Lemna spp. ,floating,0.06,0.0107,128
"36.4594290, -121.7969860",Garzas Creek,Lower Garzas (SLP),9/28/2025,fall,"Audrey, Malia Gavino, Sachi Uddin, Alma Street",2:30 PM,3:25 PM,LB,1,19.97,7.43,0.183,0.1,0.133,42.3,3.84,40,60,0,0,,2,Scirpus microcarpus,emergent,0.06,0.0107,128
"36.4594290, -121.7969860",Garzas Creek,Lower Garzas (SLP),9/28/2025,fall,"Audrey, Malia Gavino, Sachi Uddin, Alma Street",2:30 PM,3:25 PM,LB,1,19.97,7.43,0.183,0.1,0.133,42.3,3.84,40,60,0,0,,1,Persicaria punctata,emergent,0.06,0.0107,128
"36.4594290, -121.7969860",Garzas Creek,Lower Garzas (SLP),9/28/2025,fall,"Audrey, Malia Gavino, Sachi Uddin, Alma Street",2:30 PM,3:25 PM,LB,1,19.97,7.43,0.183,0.1,0.133,42.3,3.84,40,60,0,0,,3,Persicaria punctata,emergent,0.22,0.002,140
"36.4594290, -121.7969860",Garzas Creek,Lower Garzas (SLP),9/28/2025,fall,"Audrey, Malia Gavino, Sachi Uddin, Alma Street",2:30 PM,3:25 PM,LB,1,19.97,7.43,0.183,0.1,0.133,42.3,3.84,40,60,0,0,5.8,NA,Lemna spp. ,floating,0.08,0.0541,90
"36.4594290, -121.7969860",Garzas Creek,Lower Garzas (SLP),9/28/2025,fall,"Audrey, Malia Gavino, Sachi Uddin, Alma Street",2:30 PM,3:25 PM,LB,1,19.97,7.43,0.183,0.1,0.133,42.3,3.84,40,60,0,0,,2,Persicaria punctata,emergent,NA,NA,64
"36.4594290, -121.7969860",Garzas Creek,Lower Garzas (SLP),9/28/2025,fall,"Audrey, Malia Gavino, Sachi Uddin, Alma Street",2:30 PM,3:25 PM,LB,1,19.97,7.43,0.183,0.1,0.133,42.3,3.84,40,60,0,0,,2,Persicaria punctata,emergent,NA,NA,64
"36.4594290, -121.7969860",Garzas Creek,Lower Garzas (SLP),9/28/2025,fall,"Audrey, Malia Gavino, Sachi Uddin, Alma Street",2:30 PM,3:25 PM,LB,1,19.97,7.43,0.183,0.1,0.133,42.3,3.84,40,60,0,0,,1,Persicaria punctata,emergent,0.18,0.0486,45
"36.4594290, -121.7969860",Garzas Creek,Lower Garzas (SLP),9/28/2025,fall,"Audrey, Malia Gavino, Sachi Uddin, Alma Street",2:30 PM,3:25 PM,LB,1,19.97,7.43,0.183,0.1,0.133,42.3,3.84,40,60,0,0,6.6,NA,Lemna spp. ,floating,0.06,0.0001,90
"36.4594290, -121.7969860",Garzas Creek,Lower Garzas (SLP),9/28/2025,fall,"Audrey, Malia Gavino, Sachi Uddin, Alma Street",2:30 PM,3:25 PM,LB,1,19.97,7.43,0.183,0.1,0.133,42.3,3.84,40,60,0,0,7.4,NA,Lemna spp. ,floating,0.08,0.1557,120
"36.4594290, -121.7969860",Garzas Creek,Lower Garzas (SLP),9/28/2025,fall,"Audrey, Malia Gavino, Sachi Uddin, Alma Street",2:30 PM,3:25 PM,LB,1,19.97,7.43,0.183,0.1,0.133,42.3,3.84,40,60,0,0,0.3,NA,Lunularia spp.,emergent,0.1,0.0517,190
"36.4594290, -121.7969860",Garzas Creek,Lower Garzas (SLP),9/28/2025,fall,"Audrey, Malia Gavino, Sachi Uddin, Alma Street",2:30 PM,3:25 PM,LB,1,19.97,7.43,0.183,0.1,0.133,42.3,3.84,40,60,0,0,0.1,1,annual grass,emergent,0.1,0.0517,190
"36.4594290, -121.7969860",Garzas Creek,Lower Garzas (SLP),9/28/2025,fall,"Audrey, Malia Gavino, Sachi Uddin, Alma Street",2:30 PM,3:25 PM,LB,1,19.97,7.43,0.183,0.1,0.133,42.3,3.84,40,60,0,0,,1,Scirpus microcarpus,emergent,0.1,0.0517,190
"36.4594290, -121.7969860",Garzas Creek,Lower Garzas (SLP),9/28/2025,fall,"Audrey, Malia Gavino, Sachi Uddin, Alma Street",2:30 PM,3:25 PM,LB,1,19.97,7.43,0.183,0.1,0.133,42.3,3.84,40,60,0,0,0.1,NA,Lunularia spp.,emergent,0.28,0.1578,22.6
"36.4594290, -121.7969860",Garzas Creek,Lower Garzas (SLP),9/28/2025,fall,"Audrey, Malia Gavino, Sachi Uddin, Alma Street",2:30 PM,3:25 PM,LB,1,19.97,7.43,0.183,0.1,0.133,42.3,3.84,40,60,0,0,,1,Oenanthe sarmentosa,emergent,0.28,0.1578,22.6
"36.4594290, -121.7969860",Garzas Creek,Lower Garzas (SLP),9/28/2025,fall,"Audrey, Malia Gavino, Sachi Uddin, Alma Street",2:30 PM,3:25 PM,LB,1,19.97,7.43,0.183,0.1,0.133,42.3,3.84,40,60,0,0,,2,Persicaria punctata,emergent,0.28,0.1578,22.6
"36.4594290, -121.7969860",Garzas Creek,Lower Garzas (SLP),9/28/2025,fall,"Audrey, Malia Gavino, Sachi Uddin, Alma Street",2:30 PM,3:25 PM,LB,1,19.97,7.43,0.183,0.1,0.133,42.3,3.84,40,60,0,0,,1,Scirpus microcarpus,emergent,0.28,0.1578,22.6
"36.4594290, -121.7969860",Garzas Creek,Lower Garzas (SLP),9/28/2025,fall,"Audrey, Malia Gavino, Sachi Uddin, Alma Street",2:30 PM,3:25 PM,LB,1,19.97,7.43,0.183,0.1,0.133,42.3,3.84,40,60,0,0,2.4,NA,Lemna spp. ,floating,0.26,0.0937,90
"36.4594290, -121.7969860",Garzas Creek,Lower Garzas (SLP),9/28/2025,fall,"Audrey, Malia Gavino, Sachi Uddin, Alma Street",2:30 PM,3:25 PM,LB,1,19.97,7.43,0.183,0.1,0.133,42.3,3.84,40,60,0,0,,2,Scirpus microcarpus,emergent,0.26,0.0937,90
"36.4594290, -121.7969860",Garzas Creek,Lower Garzas (SLP),9/28/2025,fall,"Audrey, Malia Gavino, Sachi Uddin, Alma Street",2:30 PM,3:25 PM,LB,1,19.97,7.43,0.183,0.1,0.133,42.3,3.84,40,60,0,0,11.2,15,Scirpus microcarpus,emergent,0.42,0.0114,32
"36.4594290, -121.7969860",Garzas Creek,Lower Garzas (SLP),9/28/2025,fall,"Audrey, Malia Gavino, Sachi Uddin, Alma Street",2:30 PM,3:25 PM,LB,1,19.97,7.43,0.183,0.1,0.133,42.3,3.84,40,60,0,0,26.6,49,Persicaria punctata,emergent,0.42,0.0114,32
"36.4594290, -121.7969860",Garzas Creek,Lower Garzas (SLP),9/28/2025,fall,"Audrey, Malia Gavino, Sachi Uddin, Alma Street",2:30 PM,3:25 PM,LB,1,19.97,7.43,0.183,0.1,0.133,42.3,3.84,40,60,0,0,,1,Nasturtium officinale,emergent,0.24,0.019,32
"36.425442, -121.746597",San Clemente Creek,SLP Water Monitoring Site,10/5/2025,fall,"Audrey, Malia, Henry, Sierra",11:07 AM,12:10 PM,RB,0.8970588235,12.58,7.63,0.225,0.14,0.192,74.5,7.94,60,40,0,0,1.4,13,Equisetum arvense,emergent,0.1,-0.0008,130
"36.425442, -121.746597",San Clemente Creek,SLP Water Monitoring Site,10/5/2025,fall,"Audrey, Malia, Henry, Sierra",11:07 AM,12:10 PM,RB,0.8970588235,12.58,7.63,0.225,0.14,0.192,74.5,7.94,60,40,0,0,,1,Carex species B,emergent,NA,NA,1200
"36.425442, -121.746597",San Clemente Creek,SLP Water Monitoring Site,10/5/2025,fall,"Audrey, Malia, Henry, Sierra",11:07 AM,12:10 PM,RB,0.8970588235,12.58,7.63,0.225,0.14,0.192,74.5,7.94,60,40,0,0,,3,Equisetum arvense,emergent,0.06,0.0336,2
"36.425442, -121.746597",San Clemente Creek,SLP Water Monitoring Site,10/5/2025,fall,"Audrey, Malia, Henry, Sierra",11:07 AM,12:10 PM,RB,0.8970588235,12.58,7.63,0.225,0.14,0.192,74.5,7.94,60,40,0,0,,2,Carex species B,emergent,0.34,0.0024,64
"36.425442, -121.746597",San Clemente Creek,SLP Water Monitoring Site,10/5/2025,fall,"Audrey, Malia, Henry, Sierra",11:07 AM,12:10 PM,RB,0.8970588235,12.58,7.63,0.225,0.14,0.192,74.5,7.94,60,40,0,0,1.8,13,Equisetum arvense,emergent,0.18,0,32
"36.425442, -121.746597",San Clemente Creek,SLP Water Monitoring Site,10/5/2025,fall,"Audrey, Malia, Henry, Sierra",11:07 AM,12:10 PM,RB,0.8970588235,12.58,7.63,0.225,0.14,0.192,74.5,7.94,60,40,0,0,,1,Carex species B,emergent,0.18,0,32
"36.425442, -121.746597",San Clemente Creek,SLP Water Monitoring Site,10/5/2025,fall,"Audrey, Malia, Henry, Sierra",11:07 AM,12:10 PM,RB,0.8970588235,12.58,7.63,0.225,0.14,0.192,74.5,7.94,60,40,0,0,,1,Veronica americana,emergent,0.08,0.0007,128
"36.425442, -121.746597",San Clemente Creek,SLP Water Monitoring Site,10/5/2025,fall,"Audrey, Malia, Henry, Sierra",11:07 AM,12:10 PM,RB,0.8970588235,12.58,7.63,0.225,0.14,0.192,74.5,7.94,60,40,0,0,,2,Carex species B,emergent,0.08,0.0034,45
"36.425442, -121.746597",San Clemente Creek,SLP Water Monitoring Site,10/5/2025,fall,"Audrey, Malia, Henry, Sierra",11:07 AM,12:10 PM,RB,0.8970588235,12.58,7.63,0.225,0.14,0.192,74.5,7.94,60,40,0,0,4.4,13,Carex species B,emergent,NA,NA,45
"36.425442, -121.746597",San Clemente Creek,SLP Water Monitoring Site,10/5/2025,fall,"Audrey, Malia, Henry, Sierra",11:07 AM,12:10 PM,RB,0.8970588235,12.58,7.63,0.225,0.14,0.192,74.5,7.94,60,40,0,0,,3,Equisetum arvense,emergent,NA,NA,45
"36.425442, -121.746597",San Clemente Creek,SLP Water Monitoring Site,10/5/2025,fall,"Audrey, Malia, Henry, Sierra",11:07 AM,12:10 PM,RB,0.8970588235,12.58,7.63,0.225,0.14,0.192,74.5,7.94,60,40,0,0,,6,annual grass,emergent,NA,NA,160
"36.425442, -121.746597",San Clemente Creek,SLP Water Monitoring Site,10/5/2025,fall,"Audrey, Malia, Henry, Sierra",11:07 AM,12:10 PM,RB,0.8970588235,12.58,7.63,0.225,0.14,0.192,74.5,7.94,60,40,0,0,,1,Carex species B,emergent,NA,NA,160
"36.425442, -121.746597",San Clemente Creek,SLP Water Monitoring Site,10/5/2025,fall,"Audrey, Malia, Henry, Sierra",11:07 AM,12:10 PM,RB,0.8970588235,12.58,7.63,0.225,0.14,0.192,74.5,7.94,60,40,0,0,,1,Carex species B,emergent,0.1,-0.0021,250
"36.425442, -121.746597",San Clemente Creek,SLP Water Monitoring Site,10/5/2025,fall,"Audrey, Malia, Henry, Sierra",12:10 PM,12:34 PM,LB,0.9264705882,12.75,7.99,0.226,0.14,0.192,82.2,8.54,60,40,0,0,,2,Carex species B,emergent,NA,NA,64
"36.425442, -121.746597",San Clemente Creek,SLP Water Monitoring Site,10/5/2025,fall,"Audrey, Malia, Henry, Sierra",12:10 PM,12:34 PM,LB,0.9264705882,12.75,7.99,0.226,0.14,0.192,82.2,8.54,60,40,0,0,2.2,6,Carex species B,emergent,0.14,0.0115,8
"36.425442, -121.746597",San Clemente Creek,SLP Water Monitoring Site,10/5/2025,fall,"Audrey, Malia, Henry, Sierra",12:10 PM,12:34 PM,LB,0.9264705882,12.75,7.99,0.226,0.14,0.192,82.2,8.54,60,40,0,0,,1,Veronica anagallis-aquatica,emergent,0.12,-0.0039,32
"36.425442, -121.746597",San Clemente Creek,SLP Water Monitoring Site,10/5/2025,fall,"Audrey, Malia, Henry, Sierra",12:10 PM,12:34 PM,LB,0.9264705882,12.75,7.99,0.226,0.14,0.192,82.2,8.54,60,40,0,0,2.8,6,Carex species B,emergent,NA,NA,32
"36.425442, -121.746597",San Clemente Creek,SLP Water Monitoring Site,10/5/2025,fall,"Audrey, Malia, Henry, Sierra",12:10 PM,12:34 PM,LB,0.9264705882,12.75,7.99,0.226,0.14,0.192,82.2,8.54,60,40,0,0,,1,Veronica americana,emergent,0.16,0.0008,2
"36.503514, -121.847878",Potrero Creek,Creek Walk Start,10/12/2025,fall,"Audrey, Malia, Sachi",11:25 AM,12:19 PM,MID,1,11.54,7.57,0.500,0.33,0.438,46.8,5.08,1,99,0,0,,1,Juncus effusus,emergent,NA,NA,32
"36.503514, -121.847878",Potrero Creek,Creek Walk Start,10/12/2025,fall,"Audrey, Malia, Sachi",11:25 AM,12:19 PM,MID,1,11.54,7.57,0.500,0.33,0.438,46.8,5.08,1,99,0,0,,1,Juncus effusus,emergent,NA,NA,130
"36.503514, -121.847878",Potrero Creek,Creek Walk Start,10/12/2025,fall,"Audrey, Malia, Sachi",11:25 AM,12:19 PM,MID,1,11.54,7.57,0.500,0.33,0.438,46.8,5.08,1,99,0,0,,1,Veronica anagallis-aquatica,emergent,NA,NA,90
"36.503514, -121.847878",Potrero Creek,Creek Walk Start,10/12/2025,fall,"Audrey, Malia, Sachi",11:25 AM,12:19 PM,MID,1,11.54,7.57,0.500,0.33,0.438,46.8,5.08,1,99,0,0,,1,Equisetum arvense,emergent,0.11,-0.0004,2
"36.503514, -121.847878",Potrero Creek,Creek Walk Start,10/12/2025,fall,"Audrey, Malia, Sachi",11:25 AM,12:19 PM,MID,1,11.54,7.57,0.500,0.33,0.438,46.8,5.08,1,99,0,0,,1,Equisetum arvense,emergent,0.04,-0.0001,130
"36.503514, -121.847878",Potrero Creek,Creek Walk Start,10/12/2025,fall,"Audrey, Malia, Sachi",11:25 AM,12:19 PM,MID,1,11.54,7.57,0.500,0.33,0.438,46.8,5.08,1,99,0,0,,1,annual grass,emergent,0.12,0.001,45
"36.5348937, -121.9097401",Carmel River,By Safeway Redo,10/19/2025,fall,"Audrey, Joie, Diego, Lilja",10:36 AM,12:57 PM,LB,0.3382352941,13.7,7.12,0.582,0.37,0.482,41.9,4.32,0,85,15,0,19,NA,Veronica anagallis-aquatica,emergent,0.42,0.0058,16
"36.5348937, -121.9097401",Carmel River,By Safeway Redo,10/19/2025,fall,"Audrey, Joie, Diego, Lilja",10:36 AM,12:57 PM,LB,0.3382352941,13.7,7.12,0.582,0.37,0.482,41.9,4.32,0,85,15,0,12.6,NA,Veronica anagallis-aquatica,emergent,0.22,0.0243,22.6
"36.5348937, -121.9097401",Carmel River,By Safeway Redo,10/19/2025,fall,"Audrey, Joie, Diego, Lilja",10:36 AM,12:57 PM,LB,0.3382352941,13.7,7.12,0.582,0.37,0.482,41.9,4.32,0,85,15,0,,2,Veronica anagallis-aquatica,emergent,0.24,0.0021,32
"36.5348937, -121.9097401",Carmel River,By Safeway Redo,10/19/2025,fall,"Audrey, Joie, Diego, Lilja",10:36 AM,12:57 PM,LB,0.3382352941,13.7,7.12,0.582,0.37,0.482,41.9,4.32,0,85,15,0,8.8,37,Veronica anagallis-aquatica,emergent,0.12,0.0028,22.6
"36.5348937, -121.9097401",Carmel River,By Safeway Redo,10/19/2025,fall,"Audrey, Joie, Diego, Lilja",10:36 AM,12:57 PM,LB,0.3382352941,13.7,7.12,0.582,0.37,0.482,41.9,4.32,0,85,15,0,,12,Veronica anagallis-aquatica,emergent,0.1,0.0026,11
"36.5348937, -121.9097401",Carmel River,By Safeway Redo,10/19/2025,fall,"Audrey, Joie, Diego, Lilja",10:36 AM,12:57 PM,LB,0.3382352941,13.7,7.12,0.582,0.37,0.482,41.9,4.32,0,85,15,0,,1,Mentha aquatica,emergent,0.1,0.0026,11
"36.5348937, -121.9097401",Carmel River,By Safeway Redo,10/19/2025,fall,"Audrey, Joie, Diego, Lilja",10:36 AM,12:57 PM,LB,0.3382352941,13.7,7.12,0.582,0.37,0.482,41.9,4.32,0,85,15,0,,11,Veronica anagallis-aquatica,emergent,0.22,0.0155,22.6
"36.5348937, -121.9097401",Carmel River,By Safeway Redo,10/19/2025,fall,"Audrey, Joie, Diego, Lilja",10:36 AM,12:57 PM,LB,0.3382352941,13.7,7.12,0.582,0.37,0.482,41.9,4.32,0,85,15,0,,1,Mentha aquatica,emergent,0.22,0.0155,22.6
"36.5348937, -121.9097401",Carmel River,By Safeway Redo,10/19/2025,fall,"Audrey, Joie, Diego, Lilja",10:36 AM,12:57 PM,LB,0.3382352941,13.7,7.12,0.582,0.37,0.482,41.9,4.32,0,85,15,0,,1,Nasturtium officinale,submergent,0.22,0.0155,22.6
"36.5348937, -121.9097401",Carmel River,By Safeway Redo,10/19/2025,fall,"Audrey, Joie, Diego, Lilja",10:36 AM,12:57 PM,LB,0.3382352941,13.7,7.12,0.582,0.37,0.482,41.9,4.32,0,85,15,0,,4,Veronica anagallis-aquatica,emergent,0.22,0.0004,32
"36.5348937, -121.9097401",Carmel River,By Safeway Redo,10/19/2025,fall,"Audrey, Joie, Diego, Lilja",10:36 AM,12:57 PM,LB,0.3382352941,13.7,7.12,0.582,0.37,0.482,41.9,4.32,0,85,15,0,,17,Veronica anagallis-aquatica,emergent,0.29,0.0007,45
"36.5348937, -121.9097401",Carmel River,By Safeway Redo,10/19/2025,fall,"Audrey, Joie, Diego, Lilja",10:36 AM,12:57 PM,LB,0.3382352941,13.7,7.12,0.582,0.37,0.482,41.9,4.32,0,85,15,0,,3,Veronica anagallis-aquatica,submergent,0.31,0.0002,32
"36.5348937, -121.9097401",Carmel River,By Safeway Redo,10/19/2025,fall,"Audrey, Joie, Diego, Lilja",10:36 AM,12:57 PM,LB,0.3382352941,13.7,7.12,0.582,0.37,0.482,41.9,4.32,0,85,15,0,,11,Nasturtium officinale,emergent,0.31,0.0002,32
"36.5348937, -121.9097401",Carmel River,By Safeway Redo,10/19/2025,fall,"Audrey, Joie, Diego, Lilja",10:36 AM,12:57 PM,LB,0.3382352941,13.7,7.12,0.582,0.37,0.482,41.9,4.32,0,85,15,0,,1,Mentha aquatica,emergent,0.31,0.0002,32
"36.5348937, -121.9097401",Carmel River,By Safeway Redo,10/19/2025,fall,"Audrey, Joie, Diego, Lilja",10:36 AM,12:57 PM,LB,0.3382352941,13.7,7.12,0.582,0.37,0.482,41.9,4.32,0,85,15,0,16.2,120,Veronica anagallis-aquatica,emergent,0.27,0.0124,32
"36.5348937, -121.9097401",Carmel River,By Safeway Redo,10/19/2025,fall,"Audrey, Joie, Diego, Lilja",10:36 AM,12:57 PM,LB,0.3382352941,13.7,7.12,0.582,0.37,0.482,41.9,4.32,0,85,15,0,2.9,NA,Lemna spp. ,floating,0.25,-0.0026,<2
"36.5348937, -121.9097401",Carmel River,By Safeway Redo,10/19/2025,fall,"Audrey, Joie, Diego, Lilja",10:36 AM,12:57 PM,LB,0.3382352941,13.7,7.12,0.582,0.37,0.482,41.9,4.32,0,85,15,0,,22,Nasturtium officinale,emergent,0.25,-0.0026,<2
"36.5348937, -121.9097401",Carmel River,By Safeway Redo,10/19/2025,fall,"Audrey, Joie, Diego, Lilja",10:36 AM,12:57 PM,LB,0.3382352941,13.7,7.12,0.582,0.37,0.482,41.9,4.32,0,85,15,0,,3,Mentha aquatica,emergent,0.25,-0.0026,<2
"36.5348937, -121.9097401",Carmel River,By Safeway Redo,10/19/2025,fall,"Audrey, Joie, Diego, Lilja",10:36 AM,12:57 PM,LB,0.3382352941,13.7,7.12,0.582,0.37,0.482,41.9,4.32,0,85,15,0,,16,Veronica anagallis-aquatica,emergent,0.25,-0.0026,<2
"36.5348937, -121.9097401",Carmel River,By Safeway Redo,10/19/2025,fall,"Audrey, Joie, Diego, Lilja",10:36 AM,12:57 PM,LB,0.3382352941,13.7,7.12,0.582,0.37,0.482,41.9,4.32,0,85,15,0,4.2,52,Veronica anagallis-aquatica,emergent,0.28,-0.0077,<2
"36.5348937, -121.9097401",Carmel River,By Safeway Redo,10/19/2025,fall,"Audrey, Joie, Diego, Lilja",1:47 PM,3:21 PM,RB,0.2058823529,16.51,7.07,0.940,0.56,0.729,54,5.2,0,100,0,0,9.2,79,Veronica anagallis-aquatica,emergent,0.05,-0.0019,8
"36.5348937, -121.9097401",Carmel River,By Safeway Redo,10/19/2025,fall,"Audrey, Joie, Diego, Lilja",1:47 PM,3:21 PM,RB,0.2058823529,16.51,7.07,0.940,0.56,0.729,54,5.2,0,100,0,0,,23,annual grass,emergent,0.05,-0.0019,8
"36.5348937, -121.9097401",Carmel River,By Safeway Redo,10/19/2025,fall,"Audrey, Joie, Diego, Lilja",1:47 PM,3:21 PM,RB,0.2058823529,16.51,7.07,0.940,0.56,0.729,54,5.2,0,100,0,0,,5,Nasturtium officinale,emergent,NA,NA,22.6
"36.5348937, -121.9097401",Carmel River,By Safeway Redo,10/19/2025,fall,"Audrey, Joie, Diego, Lilja",1:47 PM,3:21 PM,RB,0.2058823529,16.51,7.07,0.940,0.56,0.729,54,5.2,0,100,0,0,7.4,48,Veronica anagallis-aquatica,emergent,NA,NA,22.6
"36.5348937, -121.9097401",Carmel River,By Safeway Redo,10/19/2025,fall,"Audrey, Joie, Diego, Lilja",1:47 PM,3:21 PM,RB,0.2058823529,16.51,7.07,0.940,0.56,0.729,54,5.2,0,100,0,0,,1,Mentha aquatica,emergent,NA,NA,22.6
"36.5348937, -121.9097401",Carmel River,By Safeway Redo,10/19/2025,fall,"Audrey, Joie, Diego, Lilja",1:47 PM,3:21 PM,RB,0.2058823529,16.51,7.07,0.940,0.56,0.729,54,5.2,0,100,0,0,10.6,49,Veronica anagallis-aquatica,emergent,NA,NA,5.6
"36.5348937, -121.9097401",Carmel River,By Safeway Redo,10/19/2025,fall,"Audrey, Joie, Diego, Lilja",1:47 PM,3:21 PM,RB,0.2058823529,16.51,7.07,0.940,0.56,0.729,54,5.2,0,100,0,0,0.6,90,Veronica anagallis-aquatica,emergent,0.05,0,32
"36.5348937, -121.9097401",Carmel River,By Safeway Redo,10/19/2025,fall,"Audrey, Joie, Diego, Lilja",1:47 PM,3:21 PM,RB,0.2058823529,16.51,7.07,0.940,0.56,0.729,54,5.2,0,100,0,0,,12,Mentha aquatica,emergent,0.05,0,32
"36.5348937, -121.9097401",Carmel River,By Safeway Redo,10/19/2025,fall,"Audrey, Joie, Diego, Lilja",1:47 PM,3:21 PM,RB,0.2058823529,16.51,7.07,0.940,0.56,0.729,54,5.2,0,100,0,0,,11,Equisetum arvense,emergent,0.05,0,32
"36.5348937, -121.9097401",Carmel River,By Safeway Redo,10/19/2025,fall,"Audrey, Joie, Diego, Lilja",1:47 PM,3:21 PM,RB,0.2058823529,16.51,7.07,0.940,0.56,0.729,54,5.2,0,100,0,0,,5,Mentha aquatica,emergent,NA,NA,32
"36.5348937, -121.9097401",Carmel River,By Safeway Redo,10/19/2025,fall,"Audrey, Joie, Diego, Lilja",1:47 PM,3:21 PM,RB,0.2058823529,16.51,7.07,0.940,0.56,0.729,54,5.2,0,100,0,0,,8,Nasturtium officinale,emergent,NA,NA,32
"36.5348937, -121.9097401",Carmel River,By Safeway Redo,10/19/2025,fall,"Audrey, Joie, Diego, Lilja",1:47 PM,3:21 PM,RB,0.2058823529,16.51,7.07,0.940,0.56,0.729,54,5.2,0,100,0,0,7.8,80,Veronica anagallis-aquatica,emergent,0.06,0,11
"36.5348937, -121.9097401",Carmel River,By Safeway Redo,10/19/2025,fall,"Audrey, Joie, Diego, Lilja",1:47 PM,3:21 PM,RB,0.2058823529,16.51,7.07,0.940,0.56,0.729,54,5.2,0,100,0,0,2,5,Persicaria punctata,emergent,0.06,0,11
"36.5348937, -121.9097401",Carmel River,By Safeway Redo,10/19/2025,fall,"Audrey, Joie, Diego, Lilja",1:47 PM,3:21 PM,RB,0.2058823529,16.51,7.07,0.940,0.56,0.729,54,5.2,0,100,0,0,44.8,47,annual grass,emergent,0.06,0,11
"36.5348937, -121.9097401",Carmel River,By Safeway Redo,10/19/2025,fall,"Audrey, Joie, Diego, Lilja",1:47 PM,3:21 PM,RB,0.2058823529,16.51,7.07,0.940,0.56,0.729,54,5.2,0,100,0,0,15.6,77,Veronica anagallis-aquatica,emergent,0.1,0,8
"36.5348937, -121.9097401",Carmel River,By Safeway Redo,10/19/2025,fall,"Audrey, Joie, Diego, Lilja",1:47 PM,3:21 PM,RB,0.2058823529,16.51,7.07,0.940,0.56,0.729,54,5.2,0,100,0,0,,3,Persicaria punctata,emergent,NA,NA,2.8
"36.5348937, -121.9097401",Carmel River,By Safeway Redo,10/19/2025,fall,"Audrey, Joie, Diego, Lilja",1:47 PM,3:21 PM,RB,0.2058823529,16.51,7.07,0.940,0.56,0.729,54,5.2,0,100,0,0,4.2,25,Mentha aquatica,emergent,0.11,0.0001,5.6
"36.5348937, -121.9097401",Carmel River,By Safeway Redo,10/19/2025,fall,"Audrey, Joie, Diego, Lilja",1:47 PM,3:21 PM,RB,0.2058823529,16.51,7.07,0.940,0.56,0.729,54,5.2,0,100,0,0,2.8,46,Veronica anagallis-aquatica,emergent,0.26,-0.0001,5.6
"36.5348937, -121.9097401",Carmel River,By Safeway Redo,10/19/2025,fall,"Audrey, Joie, Diego, Lilja",1:47 PM,3:21 PM,RB,0.2058823529,16.51,7.07,0.940,0.56,0.729,54,5.2,0,100,0,0,,1,annual grass,emergent,0.26,-0.0001,5.6
"36.5348937, -121.9097401",Carmel River,By Safeway Redo,10/19/2025,fall,"Audrey, Joie, Diego, Lilja",1:47 PM,3:21 PM,RB,0.2058823529,16.51,7.07,0.940,0.56,0.729,54,5.2,0,100,0,0,16,104,Veronica anagallis-aquatica,emergent,0.34,0.0092,4
"36.5348937, -121.9097401",Carmel River,By Safeway Redo,10/19/2025,fall,"Audrey, Joie, Diego, Lilja",1:47 PM,3:21 PM,RB,0.2058823529,16.51,7.07,0.940,0.56,0.729,54,5.2,0,100,0,0,3.8,11,annual grass,emergent,0.24,0.0022,5.6
"36.5348937, -121.9097401",Carmel River,By Safeway Redo,10/19/2025,fall,"Audrey, Joie, Diego, Lilja",1:47 PM,3:21 PM,RB,0.2058823529,16.51,7.07,0.940,0.56,0.729,54,5.2,0,100,0,0,,17,Schoenoplectus pungens,emergent,0.3,0.0039,8
"36.5348937, -121.9097401",Carmel River,By Safeway Redo,10/19/2025,fall,"Audrey, Joie, Diego, Lilja",1:47 PM,3:21 PM,RB,0.2058823529,16.51,7.07,0.940,0.56,0.729,54,5.2,0,100,0,0,,3,Persicaria punctata,emergent,0.46,-0.0051,16
"36.5348937, -121.9097401",Carmel River,By Safeway Redo,10/19/2025,fall,"Audrey, Joie, Diego, Lilja",1:47 PM,3:21 PM,RB,0.2058823529,16.51,7.07,0.940,0.56,0.729,54,5.2,0,100,0,0,,11,Schoenoplectus pungens,emergent,0.53,0.0035,<2
"36.5348937, -121.9097401",Carmel River,By Safeway Redo,10/19/2025,fall,"Audrey, Joie, Diego, Lilja",1:47 PM,3:21 PM,RB,0.2058823529,16.51,7.07,0.940,0.56,0.729,54,5.2,0,100,0,0,0.1,NA,Lemna spp. ,floating,0.53,0.0035,<2
"36.5348937, -121.9097401",Carmel River,By Safeway Redo,10/19/2025,fall,"Audrey, Joie, Diego, Lilja",1:47 PM,3:21 PM,RB,0.2058823529,16.51,7.07,0.940,0.56,0.729,54,5.2,0,100,0,0,3,26,Schoenoplectus pungens,emergent,0.53,0.0092,16
"36.5348937, -121.9097401",Carmel River,By Safeway Redo,10/19/2025,fall,"Audrey, Joie, Diego, Lilja",1:47 PM,3:21 PM,RB,0.2058823529,16.51,7.07,0.940,0.56,0.729,54,5.2,0,100,0,0,9.8,83,Veronica anagallis-aquatica,emergent,0.6,0.0019,<2
"36.5348937, -121.9097401",Carmel River,By Safeway Redo,10/19/2025,fall,"Audrey, Joie, Diego, Lilja",1:47 PM,3:21 PM,RB,0.2058823529,16.51,7.07,0.940,0.56,0.729,54,5.2,0,100,0,0,,4,Mentha aquatica,emergent,0.6,0.0262,11
"36.4449710, -121.6732772",Tularcitos Creek,Tularcitos,10/25/2025,fall,"Audrey, Starre, Sachi",11:27 AM,1:42 PM,MID,0.9117647059,13.82,8.19,0.875,0.56,0.723,62.2,6.35,10,40,0,50,7,32,Scirpus microcarpus,emergent,0.08,0.043,2.8
"36.4449710, -121.6732772",Tularcitos Creek,Tularcitos,10/25/2025,fall,"Audrey, Starre, Sachi",11:27 AM,1:42 PM,MID,0.9117647059,13.82,8.19,0.875,0.56,0.723,62.2,6.35,10,40,0,50,,1,Nasturtium officinale,submergent,0.08,0.043,2.8
"36.4449710, -121.6732772",Tularcitos Creek,Tularcitos,10/25/2025,fall,"Audrey, Starre, Sachi",11:27 AM,1:42 PM,MID,0.9117647059,13.82,8.19,0.875,0.56,0.723,62.2,6.35,10,40,0,50,8.2,56,Scirpus microcarpus,emergent,0.1,0.3001,4
"36.4449710, -121.6732772",Tularcitos Creek,Tularcitos,10/25/2025,fall,"Audrey, Starre, Sachi",11:27 AM,1:42 PM,MID,0.9117647059,13.82,8.19,0.875,0.56,0.723,62.2,6.35,10,40,0,50,,2,Nasturtium officinale,submergent,0.06,0.3383,5.6
"36.4449710, -121.6732772",Tularcitos Creek,Tularcitos,10/25/2025,fall,"Audrey, Starre, Sachi",11:27 AM,1:42 PM,MID,0.9117647059,13.82,8.19,0.875,0.56,0.723,62.2,6.35,10,40,0,50,4.6,32,Scirpus microcarpus,emergent,0.1,0.3408,2
"36.4449710, -121.6732772",Tularcitos Creek,Tularcitos,10/25/2025,fall,"Audrey, Starre, Sachi",11:27 AM,1:42 PM,MID,0.9117647059,13.82,8.19,0.875,0.56,0.723,62.2,6.35,10,40,0,50,5.6,45,Scirpus microcarpus,emergent,0.1,0.1556,4
"36.4449710, -121.6732772",Tularcitos Creek,Tularcitos,10/25/2025,fall,"Audrey, Starre, Sachi",11:27 AM,1:42 PM,MID,0.9117647059,13.82,8.19,0.875,0.56,0.723,62.2,6.35,10,40,0,50,5,24,Scirpus microcarpus,emergent,0.08,0.4158,8
"36.4449710, -121.6732772",Tularcitos Creek,Tularcitos,10/25/2025,fall,"Audrey, Starre, Sachi",11:27 AM,1:42 PM,MID,0.9117647059,13.82,8.19,0.875,0.56,0.723,62.2,6.35,10,40,0,50,,6,Nasturtium officinale,emergent,0.08,0.1113,5.6
"36.4449710, -121.6732772",Tularcitos Creek,Tularcitos,10/25/2025,fall,"Audrey, Starre, Sachi",11:27 AM,1:42 PM,MID,0.9117647059,13.82,8.19,0.875,0.56,0.723,62.2,6.35,10,40,0,50,,3,Nasturtium officinale,submergent,0.06,0.2686,5.6
"36.4449710, -121.6732772",Tularcitos Creek,Tularcitos,10/25/2025,fall,"Audrey, Starre, Sachi",11:27 AM,1:42 PM,MID,0.9117647059,13.82,8.19,0.875,0.56,0.723,62.2,6.35,10,40,0,50,,2,Nasturtium officinale,submergent,0.08,0.1619,5.6
"36.4449710, -121.6732772",Tularcitos Creek,Tularcitos,10/25/2025,fall,"Audrey, Starre, Sachi",11:27 AM,1:42 PM,MID,0.9117647059,13.82,8.19,0.875,0.56,0.723,62.2,6.35,10,40,0,50,,5,Nasturtium officinale,submergent,0.06,0.1629,8
"36.4449710, -121.6732772",Tularcitos Creek,Tularcitos,10/25/2025,fall,"Audrey, Starre, Sachi",11:27 AM,1:42 PM,MID,0.9117647059,13.82,8.19,0.875,0.56,0.723,62.2,6.35,10,40,0,50,,1,Nasturtium officinale,submergent,0.08,0.02,4
"36.4449710, -121.6732772",Tularcitos Creek,Tularcitos,10/25/2025,fall,"Audrey, Starre, Sachi",11:27 AM,1:42 PM,MID,0.9117647059,13.82,8.19,0.875,0.56,0.723,62.2,6.35,10,40,0,50,,3,Scirpus microcarpus,emergent,0.14,0.0006,<2
"36.4449710, -121.6732772",Tularcitos Creek,Tularcitos,10/25/2025,fall,"Audrey, Starre, Sachi",11:27 AM,1:42 PM,MID,0.9117647059,13.82,8.19,0.875,0.56,0.723,62.2,6.35,10,40,0,50,3.8,51,Nasturtium officinale,emergent,0.08,-0.0008,<2
"36.4449710, -121.6732772",Tularcitos Creek,Tularcitos,10/25/2025,fall,"Audrey, Starre, Sachi",11:27 AM,1:42 PM,MID,0.9117647059,13.82,8.19,0.875,0.56,0.723,62.2,6.35,10,40,0,50,11.4,76,Scirpus microcarpus,emergent,0.14,0.2315,5.6
"36.4449710, -121.6732772",Tularcitos Creek,Tularcitos,10/25/2025,fall,"Audrey, Starre, Sachi",11:27 AM,1:42 PM,MID,0.9117647059,13.82,8.19,0.875,0.56,0.723,62.2,6.35,10,40,0,50,,2,Scirpus microcarpus,emergent,0.12,0.0908,4
"36.4449710, -121.6732772",Tularcitos Creek,Tularcitos,10/25/2025,fall,"Audrey, Starre, Sachi",11:27 AM,1:42 PM,MID,0.9117647059,13.82,8.19,0.875,0.56,0.723,62.2,6.35,10,40,0,50,15.4,62,Scirpus microcarpus,emergent,0.14,0.0143,5.6
"36.4449710, -121.6732772",Tularcitos Creek,Tularcitos,10/25/2025,fall,"Audrey, Starre, Sachi",11:27 AM,1:42 PM,MID,0.9117647059,13.82,8.19,0.875,0.56,0.723,62.2,6.35,10,40,0,50,6.2,77,Scirpus microcarpus,emergent,0.1,0.0029,4
"36.4449710, -121.6732772",Tularcitos Creek,Tularcitos,10/25/2025,fall,"Audrey, Starre, Sachi",11:27 AM,1:42 PM,MID,0.9117647059,13.82,8.19,0.875,0.56,0.723,62.2,6.35,10,40,0,50,7.4,88,Scirpus microcarpus,emergent,0.12,0.2888,4